male,date,motif_count.x,motif_count.y,song_count,song_motif_count,song_motif_mean,song_motif_sd,song_motif_cv,song_length_sum,song_length_mean,song_length_sd,song_length_cv,song_start_min,song_start_max,song_start_range,song_start_mean,song_start_sd,song_start_cv,motifs_per_sec_mean,motifs_per_sec_sd,motifs_per_sec_cv,post_song_motif_occurances,post_song_motif_freq,file,start_song,end_song,misc_motif_count,post_song_motif,notes,song_start,song_end,song_length,date_file,round,trial,trial_round,counter,temp,temp_target,humidity_mean,vpd,chamber,mass,bill_length,bill_depth,bill_width,bill_date
T229,2022-02-13,0,0,0,0,0,NA,NA,NA,NA,NA,NA,NA,NA,NA,NA,NA,NA,NA,NA,NA,NA,NA,NA,NA,NA,0,NA,NA,NA,NA,NA,NA,1,1,1,KIM,45.84946,44,9.263441,95.8735320703128,6,NA,NA,NA,NA,NA
T229,2022-02-15,24,24,7,22,3.142857142857143,1.0690449676496976,0.3401506715249038,33,4.714285714285714,1.4960264830861913,0.31733895095767695,3152,3274,122,3202.285714285714,50.31141118313116,0.015711093784882144,0.6663265306122449,0.054924337625697775,0.08242856182723403,2,0.09090909090909091,NA,NA,NA,2,NA,,NA,NA,NA,NA,1,2,2,KIM,42.28226,42,9.849462,78.61128738163345,6,NA,NA,NA,NA,NA
T229,2022-02-17,114,114,28,85,3.0357142857142856,1.3188699668344825,0.43445128319253545,131,4.678571428571429,2.000991817566542,0.4276929075714746,445,1812,1367,989.8571428571429,404.98904551126685,0.4091388827505943,0.6517431972789115,0.08896236696539508,0.13649911090260894,12,0.1411764705882353,NA,NA,NA,29,NA,,NA,NA,NA,NA,1,3,3,KIM,40.65323,40,18.33065,65.14167078411919,6,NA,NA,NA,NA,NA
T229,2022-02-19,198,159,51,159,3.1176470588235294,1.2271439821557928,0.3936122206914807,228,4.470588235294118,1.4471066467468192,0.3236949078249464,1871,3371,1500,2962.1176470588234,392.24363077346834,0.13242000403425533,0.6880252100840336,0.09456500594550357,0.1374441002444571,15,0.09433962264150944,NA,NA,NA,0,NA,NA,NA,NA,NA,NA,1,4,4,KIM,26.2043,27,19,28.082546372402142,6,NA,NA,NA,NA,NA
T229,2022-02-21,315,318,83,227,2.7349397590361444,1.0829536997669686,0.395969854980874,337,4.0602409638554215,1.291146187623111,0.31799742899916383,1871,3616,1745,2733.3373493975905,608.3262779276257,0.2225580673610218,0.668100975329891,0.0906601069145825,0.135698210693102,40,0.1762114537444934,NA,NA,NA,91,NA,,NA,NA,NA,NA,1,5,5,KIM,34.90591,35,14.14247,49.62633057803805,6,NA,NA,NA,NA,NA
T229,2022-05-05,95,80,20,62,3.1,1.3726654823065194,0.4427953168730708,94,4.7,1.7800059136507325,0.37872466247887926,1870,3548,1678,3121.75,596.2444637280214,0.19099686513270486,0.6608531746031746,0.1187424573210926,0.17968054309853987,7,0.11290322580645161,NA,NA,NA,18,NA,,NA,NA,NA,NA,2,6,1,KIM,39.19399,40,24.0847,55.86049337269687,6,NA,NA,NA,NA,NA
T229,2022-05-07,158,167,48,148,3.0833333333333335,1.6351632533934424,0.5303232173167921,218,4.541666666666667,2.192427328020813,0.4827362924082524,1826,3524,1698,2651.9166666666665,572.1091933171623,0.21573422743946039,0.6822999338624338,0.12215136027599639,0.17902883206291606,6,0.04054054054054054,NA,NA,NA,19,NA,,NA,NA,NA,NA,2,7,2,KIM,39.88934,40,22.70355,59.11059881828575,6,NA,NA,NA,NA,NA
T229,2022-05-09,321,310,85,262,3.0823529411764707,1.2929457387970267,0.4194671289990354,382,4.4941176470588236,1.54783665783174,0.34441391600968035,1854,3541,1687,2714.5529411764705,555.4847626790743,0.20463213454158333,0.6771148459383753,0.10083761614404808,0.14892247120103078,27,0.10305343511450382,NA,NA,NA,48,NA,,NA,NA,NA,NA,2,8,3,KIM,38.80191,40,23.50956,55.07013638548809,6,NA,NA,NA,NA,NA
T229,2022-06-24,105,101,29,75,2.586206896551724,0.7327658649308672,0.28333613443993527,127,4.379310344827586,1.0827805840074194,0.24724910973397765,159,1803,1644,1085.551724137931,524.4054174700345,0.4830773198637592,0.593431855500821,0.09663862896482567,0.1628470532362447,8,0.10666666666666667,NA,NA,NA,26,NA,,NA,NA,NA,NA,3,9,1,KIM,39.8807947,40,24.37030905,57.80867090331119,5,19,8.8,7.5,6.8,07/11/22
T229,2022-06-26,133,34,7,28,4,1.7320508075688772,0.4330127018922193,43,6.142857142857143,2.5448360411214073,0.4142756346011593,2892,3056,164,2977.1428571428573,70.69282983780032,0.023745192363944442,0.6488095238095238,0.07552724726458047,0.11640896826100476,3,0.10714285714285714,NA,NA,NA,6,NA,,NA,NA,NA,NA,3,10,2,KIM,36.082781,35,30.74337748,42.80145769610145,5,NA,NA,NA,NA,
T229,2022-06-28,66,62,17,47,2.764705882352941,0.9701425001453319,0.3509026064355456,76,4.470588235294118,1.2307338795828044,0.2752957362224694,143,1696,1553,742.5882352941177,553.5180731944904,0.7453903076922003,0.6135854341736694,0.08423729400932901,0.13728698453015503,7,0.14893617021276595,NA,NA,NA,15,NA,,NA,NA,NA,NA,3,11,3,KIM,43.239514,44,21.88300221,71.75084129472704,5,NA,NA,NA,NA,
T229,2022-06-30,101,105,29,79,2.7241379310344827,1.1617890060511336,0.4264795085504161,133,4.586206896551724,1.7630582475450018,0.38442623442710566,58,1818,1760,1222.7931034482758,669.9726209390066,0.5479034998232196,0.5986453201970443,0.08614412026823211,0.14389842760297156,12,0.1518987341772152,NA,NA,NA,26,NA,,NA,NA,NA,NA,3,12,4,KIM,41.7671082,42,23.3200883,65.01266936545589,5,NA,NA,NA,NA,
T229,2022-07-02,203,200,52,168,3.230769230769231,1.0406518435225336,0.3221065229950699,256,4.923076923076923,1.4258970873701717,0.28963534587206613,129,1483,1354,836.7692307692307,366.57388926325996,0.4380824196012484,0.655448717948718,0.09244153506801758,0.14103549604509283,19,0.1130952380952381,NA,NA,NA,32,NA,,NA,NA,NA,NA,3,13,5,KIM,30.6452328,27,38.36640798,27.83865067771336,5,NA,NA,NA,NA,
T230,2022-02-23,0,0,0,0,0,NA,NA,NA,NA,NA,NA,NA,NA,NA,NA,NA,NA,NA,NA,NA,NA,NA,NA,NA,NA,0,NA,NA,NA,NA,NA,NA,1,1,1,KIM,44.23656,42,18.96505,78.5438107770662,6,NA,NA,NA,NA,NA
T230,2022-02-25,0,0,0,0,0,NA,NA,NA,NA,NA,NA,NA,NA,NA,NA,NA,NA,NA,NA,NA,NA,NA,NA,NA,NA,0,NA,NA,NA,NA,NA,NA,1,2,2,KIM,34.48656,35,24.73118,42.47555556425926,6,NA,NA,NA,NA,NA
T230,2022-02-27,0,0,0,0,0,NA,NA,NA,NA,NA,NA,NA,NA,NA,NA,NA,NA,NA,NA,NA,NA,NA,NA,NA,NA,0,NA,NA,NA,NA,NA,NA,1,3,3,KIM,46.6129,44,12.38172,96.40917379442759,6,NA,NA,NA,NA,NA
T230,2022-03-01,0,0,0,0,0,NA,NA,NA,NA,NA,NA,NA,NA,NA,NA,NA,NA,NA,NA,NA,NA,NA,NA,NA,NA,0,NA,NA,NA,NA,NA,NA,1,4,4,KIM,41.0914,40,13.24194,70.88640955768284,6,NA,NA,NA,NA,NA
T230,2022-03-03,0,0,0,0,0,NA,NA,NA,NA,NA,NA,NA,NA,NA,NA,NA,NA,NA,NA,NA,NA,NA,NA,NA,NA,0,NA,NA,NA,NA,NA,NA,1,5,5,KIM,27.46505,27,25,28.052473571028234,6,NA,NA,NA,NA,NA
T230,2022-05-24,0,0,0,0,0,NA,NA,NA,NA,NA,NA,NA,NA,NA,NA,NA,NA,NA,NA,NA,NA,NA,NA,NA,NA,0,NA,NA,NA,NA,NA,NA,2,6,1,KIM,38.49727,40,23.69809,54.00981215326537,4,NA,NA,NA,NA,NA
T230,2022-05-26,0,0,0,0,0,NA,NA,NA,NA,NA,NA,NA,NA,NA,NA,NA,NA,NA,NA,NA,0,NA,NA,NA,NA,0,NA,NA,NA,NA,NA,NA,2,7,2,KIM,38.6694,40,24.19809,54.17319002511011,4,NA,NA,NA,NA,NA
T230,2022-05-28,0,0,0,0,0,NA,NA,NA,NA,NA,NA,NA,NA,NA,NA,NA,NA,NA,NA,NA,NA,NA,NA,NA,NA,0,NA,NA,NA,NA,NA,NA,2,8,3,KIM,38.60109,40,24.22268,53.94986633627256,4,NA,NA,NA,NA,NA
T230,2022-06-06,9,9,3,9,3,2.6457513110645907,0.8819171036881969,NA,NA,NA,NA,NA,NA,NA,NA,NA,NA,NA,NA,NA,NA,NA,NA,NA,NA,0,NA,NA,NA,NA,NA,NA,3,9,1,KIM,39.2935982,40,24.34492274,55.9776561741266,6,18.5,8.2,7.4,6.5,06/23/22
T230,2022-06-08,0,0,0,0,0,NA,NA,NA,NA,NA,NA,NA,NA,NA,NA,NA,NA,NA,NA,NA,NA,NA,NA,NA,NA,0,NA,NA,NA,NA,NA,NA,3,10,2,KIM,33.4254967,35,35.40286976,34.298133845283395,6,NA,NA,NA,NA,
T230,2022-06-10,14,14,3,14,4.666666666666667,2.0816659994661326,0.4460712855998855,12,4,1.7320508075688772,0.4330127018922193,1777,1790,13,1783.6666666666667,6.506407098647712,0.003647770752372105,1.1666666666666667,0.16666666666666663,0.14285714285714282,0,0,NA,NA,NA,0,NA,,NA,NA,NA,NA,3,11,3,KIM,41.3907285,42,22.30905077,64.52794951552592,6,NA,NA,NA,NA,
T230,2022-06-12,6,6,2,6,3,0,0,7,3.5,0.7071067811865476,0.20203050891044216,164,167,3,165.5,2.1213203435596424,0.0128176455804208,0.875,0.1767766952966369,0.20203050891044216,0,0,NA,NA,NA,0,NA,,NA,NA,NA,NA,3,12,4,KIM,30.9966887,27,35.25662252,29.8520633658075,6,NA,NA,NA,NA,
T230,2022-06-14,0,0,0,0,0,NA,NA,NA,NA,NA,NA,NA,NA,NA,NA,NA,NA,NA,NA,NA,NA,NA,NA,NA,NA,0,NA,NA,NA,NA,NA,NA,3,13,5,KIM,42.6244469,44,28.18086283,63.802644579280084,6,NA,NA,NA,NA,
T231,2022-02-13,57,57,15,55,3.6666666666666665,1.9880595947760098,0.5421980713025482,60,4,1.7728105208558367,0.44320263021395917,1828,3047,1219,2596.9333333333334,366.3205985914264,0.1410589151016942,0.8966666666666666,0.17207879332187076,0.1919094349314544,2,0.03636363636363636,NA,NA,NA,2,NA,,NA,NA,NA,NA,1,1,1,RAS,42.79839,42,10.77151,80.02092905813176,2,NA,NA,NA,NA,NA
T231,2022-02-15,7,0,0,0,0,NA,NA,NA,NA,NA,NA,NA,NA,NA,NA,NA,NA,NA,NA,NA,NA,NA,NA,NA,NA,0,NA,NA,NA,NA,NA,NA,1,2,2,RAS,45.04301,44,8.75,92.35456690051808,2,NA,NA,NA,NA,NA
T231,2022-02-17,86,87,19,82,4.315789473684211,2.135744251723958,0.4948675705214049,100,5.2631578947368425,1.8511889651776021,0.3517259033837444,65,1462,1397,794.8421052631579,459.12153597421417,0.5776260881677969,0.7937969924812031,0.1586192960801611,0.1998235034682588,4,0.04878048780487805,NA,NA,NA,5,NA,,NA,NA,NA,NA,1,3,3,KIM,41.12903,40,16.53763,68.33453352735373,2,NA,NA,NA,NA,NA
T231,2022-02-19,24,24,9,24,2.6666666666666665,1,0.375,30,3.3333333333333335,1.3228756555322954,0.3968626966596886,3330,3521,191,3476.222222222222,58.15663714869047,0.016729838724612103,0.8240740740740741,0.1409568272929475,0.1710487342431273,0,0,NA,NA,NA,0,NA,,NA,NA,NA,NA,1,4,4,RAS,27.24462,27,17.29032,30.52978394285837,2,NA,NA,NA,NA,NA
T231,2022-02-21,215,211,62,205,3.306451612903226,1.5213099368142622,0.46010349308528903,229,3.693548387096774,1.2878843965712847,0.34868485846034786,2108,3280,1172,2658.032258064516,359.70238006030354,0.13532656684995462,0.881605222734255,0.16105021378657064,0.18267837988423136,6,0.02926829268292683,NA,NA,NA,6,NA,,NA,NA,NA,NA,1,5,5,RAS,36.51075,35,12.65054,55.30592144111422,2,NA,NA,NA,NA,NA
T231,2022-05-05,14,17,3,15,5,2,0.4,17,5.666666666666667,1.1547005383792515,0.2037706832433973,2287,3258,971,2910.6666666666665,541.2765774844994,0.1859630935013168,0.8666666666666667,0.23094010767585033,0.26646935501059654,1,0.06666666666666667,NA,NA,NA,2,NA,,NA,NA,NA,NA,2,6,1,KIM,39.03005,40,23.80055,55.56124671940209,2,NA,NA,NA,NA,NA
T231,2022-05-07,262,249,83,242,2.9156626506024095,0.9397044070410657,0.3222953131587126,279,3.36144578313253,0.9700177676649329,0.28857159396483667,1977,3576,1599,2801.5421686746986,470.8496290750557,0.1680680142315318,0.8773952954675847,0.17840696006905304,0.2033370374683577,4,0.01652892561983471,NA,NA,NA,7,NA,,NA,NA,NA,NA,2,7,2,KIM,40.52869,40,21.61066,62.09839005896374,2,NA,NA,NA,NA,NA
T231,2022-05-09,35,33,10,30,3,1.0540925533894598,0.35136418446315326,34,3.4,1.0749676997731399,0.3161669705215117,2052,3374,1322,2660.7,611.7446907547843,0.2299187021290579,0.8966666666666667,0.1808416536744334,0.2016821416443495,3,0.1,NA,NA,NA,3,NA,,NA,NA,NA,NA,2,8,3,KIM,39.40984,40,22.51503,57.702458189413655,2,NA,NA,NA,NA,NA
T231,2022-06-24,59,58,18,54,3,1.0846522890932808,0.3615507630310936,62,3.4444444444444446,0.8555852638929972,0.24839572177538627,148,1836,1688,810,563.379404079681,0.6955301284934333,0.861111111111111,0.16169041669088866,0.18776951615716103,1,0.018518518518518517,NA,NA,NA,4,NA,,NA,NA,NA,NA,3,9,1,KIM,34.5242826,35,25.61865342,42.065453214785215,1,18.5,9.3,8,7.1,07/11/22
T231,2022-06-26,46,45,11,39,3.5454545454545454,1.6348477827391983,0.4611109130802867,45,4.090909090909091,1.4459976109624424,0.35346608267970814,89,1408,1319,710.4545454545455,420.4301044493278,0.5917762186746777,0.8528138528138528,0.18150547733162534,0.2128312957543424,0,0,NA,NA,NA,6,NA,,NA,NA,NA,NA,3,10,2,KIM,43.0728477,44,19.23289183,73.51857291501179,1,NA,NA,NA,NA,
T231,2022-06-28,135,130,42,127,3.0238095238095237,1.5537224418307627,0.5138294689519057,149,3.5476190476190474,1.8239916151976319,0.5141452875053728,70,1306,1236,562.2142857142857,318.0570999291338,0.5657221952747902,0.8669191919191919,0.1473096762853771,0.16992319198662784,2,0.015748031496062992,NA,NA,NA,3,NA,,NA,NA,NA,NA,3,11,3,KIM,38.9359823,40,21.07671082,57.247155885024654,1,NA,NA,NA,NA,
T231,2022-06-30,176,178,49,177,3.6122448979591835,1.3966675596249967,0.3866480814781064,196,4,1.3844373104863459,0.34610932762158647,72,1541,1469,681.2857142857143,312.42605791877645,0.45858301644609667,0.904251700680272,0.13850769684810949,0.15317383063134923,0,0,NA,NA,NA,1,NA,,NA,NA,NA,NA,3,12,4,KIM,41.5932671,42,19.00827815,68.01911624136831,1,NA,NA,NA,NA,
T231,2022-07-02,208,203,55,196,3.5636363636363635,1.5958700908286196,0.447820688752929,219,3.981818181818182,1.4206272622267313,0.35677853617566313,59,1732,1673,890.9636363636364,396.93902711347397,0.4455165294214858,0.8855844155844156,0.17303372206715953,0.19538930340477026,6,0.030612244897959183,NA,NA,NA,7,NA,,NA,NA,NA,NA,3,13,5,KIM,31.0380795,27,34.38631347,30.326753340398806,1,NA,NA,NA,NA,
T234,2022-02-03,0,0,0,0,0,NA,NA,NA,NA,NA,NA,NA,NA,NA,NA,NA,NA,NA,NA,NA,NA,NA,NA,NA,NA,0,NA,NA,NA,NA,NA,NA,1,1,1,RAS,43.04301,42,15.26882,77.00231158398648,2,NA,NA,NA,NA,NA
T234,2022-02-05,30,30,11,28,2.5454545454545454,0.6875516509523286,0.2701095771598434,47,4.2727272727272725,1.2720777563426766,0.29772032595254133,1966,3521,1555,3040.818181818182,695.174052764028,0.22861414632438362,0.6034632034632035,0.06201787867049873,0.10276994241668011,1,0.03571428571428571,NA,NA,NA,2,NA,,NA,NA,NA,NA,1,2,2,RAS,44.53226,44,9.360215,89.26017713195539,2,NA,NA,NA,NA,NA
T234,2022-02-07,34,34,7,26,3.7142857142857144,1.2535663410560174,0.3374986302843124,43,6.142857142857143,1.5735915849388864,0.25616607196679547,1832,2692,860,2129.1428571428573,347.23019673382316,0.1630844992711193,0.592687074829932,0.08102362811104728,0.13670557626770674,5,0.19230769230769232,NA,NA,NA,8,NA,,NA,NA,NA,NA,1,3,3,RAS,27.15591,27,17.00538,30.472208634132077,2,NA,NA,NA,NA,NA
T234,2022-02-09,87,78,21,47,2.238095238095238,0.6248809410409238,0.2792021225927532,80,3.8095238095238093,1.030487633067356,0.270503003680181,1866,3307,1441,2603.3809523809523,482.0297165310948,0.18515527513952534,0.5952380952380952,0.08451542547285164,0.14198591479439077,5,0.10638297872340426,NA,NA,NA,31,NA,,NA,NA,NA,NA,1,4,4,RAS,41.09677,40,10.77688,72.92198527739245,2,NA,NA,NA,NA,NA
T234,2022-02-11,52,52,14,43,3.0714285714285716,1.328057326976612,0.4323907576202923,68,4.857142857142857,2.0326997151247235,0.4184970001727372,1831,3415,1584,2422.3571428571427,554.088386054463,0.22873934493446413,0.6335034013605442,0.06502568482933002,0.10264457095206994,7,0.16279069767441862,NA,NA,NA,9,NA,,NA,NA,NA,NA,1,5,5,RAS,36.1129,35,12.69892,54.04527993195101,2,NA,NA,NA,NA,NA
T234,2022-04-23,32,33,7,27,3.857142857142857,2.1157009420498154,0.5485150590499521,43,6.142857142857143,3.0237157840738176,0.49223280205852843,1926,3517,1591,2537.8571428571427,690.9147146045906,0.27224334377889864,0.6206709956709957,0.09160164891552935,0.14758487113853377,3,0.1111111111111111,NA,NA,NA,6,NA,,NA,NA,NA,NA,2,6,1,KIM,39.49727,40,22.79781,57.77118085504336,2,NA,NA,NA,NA,NA
T234,2022-04-25,31,31,8,25,3.125,1.3562026818605375,0.433984858195372,37,4.625,1.9955307206712847,0.43146610176676425,1860,3015,1155,2355.875,486.29868467258444,0.20641956159498465,0.6770833333333333,0.05302537272147532,0.07831439663479432,3,0.12,NA,NA,NA,6,NA,,NA,NA,NA,NA,2,7,2,KIM,39.34973,40,23.16257,57.02980839587151,2,NA,NA,NA,NA,NA
T234,2022-04-27,41,40,11,35,3.1818181818181817,1.2504544628399563,0.39299997403541487,59,5.363636363636363,1.9632996344280855,0.3660389148933719,1885,3097,1212,2661.090909090909,439.92941582609694,0.16531919834951717,0.5920634920634921,0.07701275854417906,0.13007516858668314,0,0,NA,NA,NA,5,NA,,NA,NA,NA,NA,2,8,3,KIM,38.32787,40,17.74863,57.6733245021573,2,NA,NA,NA,NA,NA
T234,2022-06-23,36,36,9,28,3.111111111111111,1.6158932858054431,0.5193942704374639,45,5,2.449489742783178,0.4898979485566356,73,522,449,276.22222222222223,167.85095902152136,0.6076663842291602,0.6207070707070707,0.08162153697670078,0.13149767551982716,4,0.14285714285714285,NA,NA,NA,8,NA,,NA,NA,NA,NA,3,9,1,KIM,42.5259382,44,22.06456954,68.86659530499587,2,19,7.8,7.2,5.9,07/11/22
T234,2022-06-25,76,74,18,54,3,0.9074852129730301,0.30249507099101003,81,4.5,1.200490095997562,0.2667755768883471,88,1295,1207,563.2777777777778,411.5156784312978,0.7305732529601893,0.6656084656084655,0.08285063169554245,0.12447352456643501,6,0.1111111111111111,NA,NA,NA,20,NA,,NA,NA,NA,NA,3,10,2,KIM,34.7880795,35,30.0700883,40.14899052984238,2,NA,NA,NA,NA,
T234,2022-06-27,61,66,14,54,3.857142857142857,1.7032612545052803,0.4415862511680356,90,6.428571428571429,2.953857600710421,0.45948896011050994,105,1768,1663,723.8571428571429,643.5378008313895,0.8890397880046825,0.6104772211915069,0.05951687617801285,0.09749237827719437,7,0.12962962962962962,NA,NA,NA,12,NA,,NA,NA,NA,NA,3,11,3,KIM,41.7682119,42,22.4486755,65.75545615591928,2,NA,NA,NA,NA,
T234,2022-06-29,45,37,9,25,2.7777777777777777,1.3017082793177757,0.46861498055439926,38,4.222222222222222,1.6414763002993509,0.3887707027024778,558,1720,1162,1094.5555555555557,486.0514661821089,0.4440628561200873,0.6518518518518518,0.07792644521725299,0.11954625118555857,4,0.16,NA,NA,NA,12,NA,,NA,NA,NA,NA,3,12,4,KIM,29.7826087,27,35.25027871,27.798259184043864,2,NA,NA,NA,NA,
T234,2022-07-01,76,77,21,58,2.761904761904762,1.2611408289624877,0.4566199553140042,85,4.0476190476190474,1.8296499795368095,0.4520311714149765,91,1259,1168,612.1904761904761,387.0055062977294,0.6321651860806097,0.6965986394557823,0.12233455538086219,0.17561698868151115,5,0.08620689655172414,NA,NA,NA,19,NA,,NA,NA,NA,NA,3,13,5,KIM,39.3620309,40,24.96799117,55.72780935688769,2,NA,NA,NA,NA,
T235,2022-02-13,74,72,19,59,3.1052631578947367,1.242521488394791,0.4001340386356107,77,4.052631578947368,1.26814318375447,0.3129184479394147,2298,3561,1263,2891.8947368421054,315.08868147393434,0.10895579201406384,0.7582706766917293,0.13296521467128308,0.1753532330320342,8,0.13559322033898305,NA,NA,NA,13,NA,,NA,NA,NA,NA,1,1,1,KIM,40.48925,40,10.00806,71.13508464341366,4,NA,NA,NA,NA,NA
T235,2022-02-15,10,10,3,9,3,1,0.3333333333333333,10,3.3333333333333335,1.5275252316519468,0.458257569495584,2390,2691,301,2514,157.3435731131081,0.06258694236798254,0.9333333333333333,0.11547005383792512,0.12371791482634835,0,0,NA,NA,NA,1,NA,,NA,NA,NA,NA,1,2,2,KIM,34.28763,35,11.46505,49.39586550675149,4,NA,NA,NA,NA,NA
T235,2022-02-17,206,203,47,188,4,1.7693034738587656,0.4423258684646914,228,4.851063829787234,1.693706039432788,0.34914115725149575,172,1446,1274,780.1276595744681,373.9037667997101,0.4792853608134614,0.8064251941911517,0.10803958632716683,0.13397347590997705,9,0.047872340425531915,NA,NA,NA,15,NA,,NA,NA,NA,NA,1,3,3,KIM,42.5,42,16.35484,73.80777318110154,4,NA,NA,NA,NA,NA
T235,2022-02-19,265,248,65,223,3.4307692307692306,1.4466473176066312,0.4216685006476728,264,4.061538461538461,1.4238693220074117,0.3505738861003097,2072,3571,1499,3062.646153846154,417.58675860417134,0.13634835290382943,0.8400732600732601,0.14777711465196947,0.17590979462800935,15,0.06726457399103139,NA,NA,NA,25,NA,,NA,NA,NA,NA,1,4,4,KIM,45.02451,44,9.519608,91.48504248955554,4,NA,NA,NA,NA,NA
T235,2022-02-21,327,319,74,294,3.972972972972973,1.6299674168772367,0.41026390764937254,328,4.4324324324324325,1.526757519309908,0.34445139155162563,1851,3584,1733,2821.108108108108,505.6674842135811,0.17924427736755252,0.8852960102960102,0.14584362457297204,0.16473995463303548,12,0.04081632653061224,NA,NA,NA,25,NA,,NA,NA,NA,NA,1,5,5,KIM,26,27,19.01882,27.731196950118463,4,NA,NA,NA,NA,NA
T235,2022-05-05,81,80,16,70,4.375,1.746424919657298,0.399182838778811,80,5,1.7888543819998317,0.35777087639996635,1882,3546,1664,3266.625,384.4495415525944,0.1176901363188595,0.8794642857142857,0.14785407557588356,0.16811833974110618,5,0.07142857142857142,NA,NA,NA,10,NA,,NA,NA,NA,NA,2,6,1,KIM,38.79508,40,23.6612,54.94006967945446,4,NA,NA,NA,NA,NA
T235,2022-05-07,122,119,25,102,4.08,1.8912077270005712,0.46353130563739486,120,4.8,1.8708286933869707,0.3897559777889522,2301,3579,1278,2949.12,352.0140054031942,0.11936238789984611,0.8439523809523809,0.14641321380297234,0.17348515995386896,12,0.11764705882352941,NA,NA,NA,17,NA,,NA,NA,NA,NA,2,7,2,KIM,40.00546,40,21.61749,60.32698540102512,4,NA,NA,NA,NA,NA
T235,2022-05-09,38,27,7,20,2.857142857142857,1.0690449676496976,0.37416573867739417,28,4,1.4142135623730951,0.3535533905932738,3235,3583,348,3478.714285714286,124.02380723838775,0.03565219706249083,0.7091836734693877,0.04172736104212688,0.05883858103781921,2,0.1,NA,NA,NA,7,NA,,NA,NA,NA,NA,2,8,3,KIM,38.96995,40,22.58333,56.26049964383326,4,NA,NA,NA,NA,NA
T235,2022-06-24,77,77,23,62,2.6956521739130435,1.6904755277381045,0.6271118893222001,75,3.260869565217391,1.483772566018116,0.4550235869122223,343,1727,1384,1248.608695652174,331.9706639736867,0.26587245878524945,0.8178053830227743,0.18548780391043027,0.2268116690854122,6,0.0967741935483871,NA,NA,NA,15,NA,,NA,NA,NA,NA,3,9,1,KIM,38.8636865,40,22.88134658,55.71364265539138,3,17,8.2,7.9,6.6,07/11/22
T235,2022-06-26,425,0,0,0,0,NA,NA,NA,NA,NA,NA,NA,NA,NA,NA,NA,NA,NA,NA,NA,NA,NA,NA,NA,NA,0,NA,NA,NA,NA,NA,NA,3,10,2,KIM,30.7291667,27,36.2308114,28.945462118230164,3,NA,NA,NA,NA,
T235,2022-06-28,101,96,27,82,3.037037037037037,1.7863043388188897,0.5881733798550003,107,3.962962962962963,1.9509658649673516,0.492299797702042,83,1717,1634,973.0370370370371,434.43158985944643,0.44646973683789026,0.7674897119341564,0.1448441519577907,0.18872455188066029,6,0.07317073170731707,NA,NA,NA,14,NA,,NA,NA,NA,NA,3,11,3,KIM,42.5469095,44,20.26655629,70.53574273457498,3,NA,NA,NA,NA,
T235,2022-06-30,223,195,57,167,2.9298245614035086,1.0996695789906137,0.3753363233680538,222,3.8947368421052633,1.2632753704771322,0.3243544870143988,82,1626,1544,758.8421052631579,563.9425879300153,0.7431619621771598,0.7918964076858813,0.4482368953040978,0.5660297116562982,15,0.08982035928143713,NA,NA,NA,28,NA,,NA,NA,NA,NA,3,12,4,KIM,33.8664459,35,29.19922737,38.55816174557979,3,NA,NA,NA,NA,
T235,2022-07-02,384,382,116,310,2.6724137931034484,1.0695457147695975,0.40021710617184936,410,3.5344827586206895,1.1679118078881203,0.33043358467078526,104,1812,1708,919.2758620689655,442.6557517334759,0.4815265688987134,0.7838875205254515,0.41664357910109906,0.5315093915793131,40,0.12903225806451613,NA,NA,NA,72,NA,,NA,NA,NA,NA,3,13,5,KIM,39.9740044,42,24.95022124,57.661668688976285,3,NA,NA,NA,NA,
T236,2022-01-24,90,89,21,82,3.9047619047619047,1.445847914020071,0.37027812432221335,84,4,1.1832159566199232,0.2958039891549808,1874,3016,1142,2464.809523809524,412.78149414037676,0.1674699363796664,0.9642857142857143,0.13522468075656266,0.14023300226606497,4,0.04878048780487805,NA,NA,NA,7,NA,,NA,NA,NA,NA,1,1,1,RAS,40,40,NA,NA,4,NA,NA,NA,NA,NA
T236,2022-01-26,187,187,50,166,3.32,1.4489968380692533,0.436444830743751,185,3.7,1.3286482312670196,0.3590941165586539,1862,3563,1701,2571.82,537.2673750051254,0.208905512440655,0.893452380952381,0.18377646551616944,0.2056925130360857,9,0.05421686746987952,NA,NA,NA,21,NA,,NA,NA,NA,NA,1,2,2,RAS,34.35215,35,11.69892,49.44785024945869,4,NA,NA,NA,NA,NA
T236,2022-01-28,204,202,55,179,3.2545454545454544,1.8877596148970779,0.5800378704991022,209,3.8,1.6032374653713561,0.4219045961503569,2058,3774,1716,2738.8545454545456,542.6002013003483,0.1981120911297965,0.8457083825265643,0.1733855395939175,0.2050181163818266,9,0.05027932960893855,NA,NA,NA,23,NA,,NA,NA,NA,NA,1,3,3,RAS,44.90323,44,11.10484,89.30059025976337,4,NA,NA,NA,NA,NA
T236,2022-01-30,126,124,37,111,3,1.4529663145135578,0.4843221048378526,136,3.675675675675676,1.313478292635712,0.3573433590258922,1834,3348,1514,2433.837837837838,377.66692508916674,0.15517341345332883,0.8036036036036036,0.17665160379248132,0.21982430516777385,5,0.04504504504504504,NA,NA,NA,13,NA,,NA,NA,NA,NA,1,4,4,RAS,25.90591,27,11.54032,30.12004889105355,4,NA,NA,NA,NA,NA
T236,2022-02-01,151,147,44,135,3.0681818181818183,1.7440627158651825,0.5684352555412446,156,3.5454545454545454,1.2659135033191782,0.3570525265772041,1802,3289,1487,2347.7727272727275,411.01671236526596,0.17506665257276433,0.841504329004329,0.1912714556409093,0.22729705486746857,6,0.044444444444444446,NA,NA,NA,12,NA,,NA,NA,NA,NA,1,5,5,RAS,38.42473,42,10,63.44863822813785,4,NA,NA,NA,NA,NA
T236,2022-04-11,176,169,42,141,3.357142857142857,1.8054312176134268,0.5377880222678293,146,3.4761904761904763,1.5339745162460983,0.4412803402899735,1850,3621,1771,2455.4523809523807,552.407952927551,0.22497196737054703,0.9563492063492064,0.19390098823326596,0.2027512408082283,10,0.07092198581560284,NA,NA,NA,28,NA,,NA,NA,NA,NA,2,6,1,KIM,38.7035519,40,15.71721,60.34890343294411,4,NA,NA,NA,NA,NA
T236,2022-04-13,231,232,48,219,4.5625,2.6650316352758887,0.5841165228001948,224,4.666666666666667,2.2815945649622433,0.48891312106333784,1826,3564,1738,2704.2708333333335,553.2483471274819,0.2045831875668821,0.9549768518518519,0.16351517704689447,0.17122423096414593,7,0.0319634703196347,NA,NA,NA,13,NA,,NA,NA,NA,NA,2,7,2,KIM,38.6694,40,24.0929,54.248365938998575,4,NA,NA,NA,NA,NA
T236,2022-04-15,196,181,35,156,4.457142857142857,2.266674905241248,0.5085488569451517,167,4.771428571428571,2.101620023384122,0.4404592863379896,1805,3432,1627,2483.6857142857143,572.3375583274864,0.23043880110736373,0.9240816326530612,0.14745266152615535,0.15956670527344552,9,0.057692307692307696,NA,NA,NA,25,NA,,NA,NA,NA,NA,2,8,3,KIM,38.19399,40,21.26913,54.793513881222374,4,NA,NA,NA,NA,NA
T236,2022-06-06,198,197,43,189,4.395348837209302,2.691605423602736,0.6123758371159664,209,4.8604651162790695,2.773869528198549,0.5707004292465914,66,1754,1688,840.4186046511628,627.9938668398623,0.747239367815432,0.8876238748331772,0.17988767618516338,0.20266205234618329,6,0.031746031746031744,NA,NA,NA,8,NA,,NA,NA,NA,NA,3,9,1,KIM,26.1539735,27,41.71081678,20.147355098832016,4,16.5,8.7,7.8,6.6,06/23/22
T236,2022-06-08,62,53,9,33,3.6666666666666665,2.0615528128088303,0.5622416762205901,39,4.333333333333333,1.4142135623730951,0.32635697593225277,73,1743,1670,613.1111111111111,475.65046106475194,0.7757981423673012,0.814021164021164,0.22467677856176618,0.2760085222500735,1,0.030303030303030304,NA,NA,NA,20,NA,,NA,NA,NA,NA,3,10,2,KIM,39.9845475,42,26.37251656,56.601860740590475,4,NA,NA,NA,NA,
T236,2022-06-10,48,47,9,38,4.222222222222222,2.279132388529557,0.5397945130727898,44,4.888888888888889,1.964971020425266,0.40192589054153166,62,1293,1231,551.4444444444445,477.7784819116258,0.8664127215806231,0.8157407407407408,0.15592713556317989,0.19114790738732607,3,0.07894736842105263,NA,NA,NA,9,NA,,NA,NA,NA,NA,3,11,3,KIM,41.2759382,44,22.04801325,64.33897176000875,4,NA,NA,NA,NA,
T236,2022-06-12,201,189,34,184,5.411764705882353,3.6191213319929294,0.668750680911737,198,5.823529411764706,3.233073293841505,0.5551742019727837,123,1883,1760,938.9705882352941,528.0720500252075,0.5623946656493988,0.8946644042232278,0.180424105229792,0.20166679749200614,2,0.010869565217391304,NA,NA,NA,5,NA,,NA,NA,NA,NA,3,12,4,KIM,33.4111479,35,30.92660044,36.644511071661995,4,NA,NA,NA,NA,
T236,2022-06-14,225,217,36,210,5.833333333333333,3.880353444873657,0.665203447692627,215,5.972222222222222,3.0658125104458605,0.5133453505862836,66,1847,1781,1039.4166666666667,569.0652172014834,0.5474851764946524,0.9150603254769921,0.23004737166528966,0.2514013177714521,5,0.023809523809523808,NA,NA,NA,7,NA,,NA,NA,NA,NA,3,13,5,KIM,38.2891832,40,32.61699779,47.14590766494032,4,NA,NA,NA,NA,
T237,2022-02-23,0,71,16,67,4.1875,2.9488698400121582,0.7042077229879781,81,5.0625,2.694902595642373,0.5323264386454071,1796,3551,1755,2246.9375,578.3821653255455,0.2574091025342474,0.7784722222222222,0.13524668819112234,0.1737334799243677,3,0.04477611940298507,NA,NA,NA,4,NA,,NA,NA,NA,NA,1,1,1,KIM,40.83333,40,20.37634,64.14193832721028,2,NA,NA,NA,NA,NA
T237,2022-02-25,0,78,19,74,3.8947368421052633,1.9406395521438362,0.4982723174423363,86,4.526315789473684,1.6454793645565071,0.3635361386810888,1801,2816,1015,2218.0526315789475,366.2891198196387,0.1651399586306892,0.8347117794486215,0.1888589842098492,0.22625652214301106,2,0.02702702702702703,NA,NA,NA,4,NA,,NA,NA,NA,NA,1,2,2,KIM,45.16667,44,16.58871,84.98113550202173,2,NA,NA,NA,NA,NA
T237,2022-02-27,0,95,23,89,3.869565217391304,1.6321861476416715,0.42180091455908364,118,5.130434782608695,1.866068980165304,0.36372530969323724,1794,3530,1736,2342.695652173913,555.9266984694531,0.2373021429196656,0.7433574879227053,0.0757988651938198,0.1019682540706463,2,0.02247191011235955,NA,NA,NA,6,NA,,NA,NA,NA,NA,1,3,3,KIM,35.80376,35,17.84409,49.97646222390262,2,NA,NA,NA,NA,NA
T237,2022-03-01,0,123,36,118,3.2777777777777777,1.7826322609494583,0.5438539101201737,151,4.194444444444445,1.8018949461123968,0.4295908480797767,1809,3582,1773,2590.8888888888887,669.9225020330028,0.25856859586143865,0.76588303671637,0.15011086841051424,0.19599711863850158,3,0.025423728813559324,NA,NA,NA,5,NA,,NA,NA,NA,NA,1,4,4,KIM,27.31989,27,20.89785,29.330368111245065,2,NA,NA,NA,NA,NA
T237,2022-03-03,0,77,21,73,3.4761904761904763,2.315578709935113,0.666125382310101,93,4.428571428571429,2.2038926600773587,0.4976531813077906,1800,2981,1181,2274.809523809524,417.3798772159026,0.18347904422210032,0.7491857349000206,0.13109539085258437,0.1749838321068395,4,0.0547945205479452,NA,NA,NA,4,NA,,NA,NA,NA,NA,1,5,5,KIM,42.57527,42,13.85484,76.32538025808458,2,NA,NA,NA,NA,NA
T237,2022-05-24,180,169,40,156,3.9,1.9845557534273353,0.5088604495967527,177,4.425,1.865853760724633,0.42166186683042556,1806,3276,1470,2461.1,459.25255886114866,0.18660459098010998,0.8691071428571429,0.15916438240995845,0.1831355129434492,2,0.01282051282051282,NA,NA,NA,13,NA,,NA,NA,NA,NA,2,6,1,KIM,38.41803,40,24.12432,53.47121184803842,2,NA,NA,NA,NA,NA
T237,2022-05-26,122,108,32,106,3.3125,1.3545026464923717,0.4089064593184518,135,4.21875,1.3850439611050431,0.3283067167063806,1797,3586,1789,2584.375,618.445540930464,0.2393017812548349,0.7816964285714285,0.1385703959241721,0.17726881031990038,1,0.009433962264150943,NA,NA,NA,2,NA,,NA,NA,NA,NA,2,7,2,KIM,38.79098,40,25.56011,53.56122219326555,2,NA,NA,NA,NA,NA
T237,2022-05-28,128,127,33,124,3.757575757575758,1.8545603089125842,0.4935523402751232,160,4.848484848484849,1.6978149950968622,0.35017434273872783,1791,3571,1780,2777.7272727272725,515.7463204381147,0.1856720512131979,0.750012025012025,0.12952879120554647,0.17270228594464165,1,0.008064516129032258,NA,NA,NA,3,NA,,NA,NA,NA,NA,2,8,3,KIM,38.02186,40,25.29918,51.490810526665875,2,NA,NA,NA,NA,NA
T237,2022-06-23,117,106,29,102,3.5172413793103448,1.8248422564933506,0.5188277003755605,128,4.413793103448276,1.6586836730050718,0.3757955196652116,60,1446,1386,728.5172413793103,477.19624749225517,0.6550239587861694,0.7668308702791461,0.14585562239008804,0.1902057259862176,1,0.00980392156862745,NA,NA,NA,4,NA,,NA,NA,NA,NA,3,9,1,KIM,33.7372506,35,31.1075388,37.2412461611992,6,19.5,8.4,7.5,6.4,07/11/22
T237,2022-06-25,86,74,20,71,3.55,2.0384462607326044,0.5742102142908745,98,4.9,1.99736668746891,0.40762585458549183,69,1380,1311,437.4,380.0121050703517,0.8687976796304338,0.701468253968254,0.1481951449852592,0.2112642220754954,3,0.04225352112676056,NA,NA,NA,3,NA,,NA,NA,NA,NA,3,10,2,KIM,40.4761905,42,24.94850498,59.28260147496186,6,NA,NA,NA,NA,
T237,2022-06-27,179,150,36,144,4,1.4928400545843579,0.37321001364608947,181,5.027777777777778,1.5021149111666545,0.2987631867513788,117,1791,1674,870.4722222222222,541.3992182226194,0.6219603617453585,0.7855599647266314,0.12653716967279593,0.16107894413487564,2,0.013888888888888888,NA,NA,NA,6,NA,,NA,NA,NA,NA,3,11,3,KIM,29.4619205,27,38.01821192,26.11043359038442,6,NA,NA,NA,NA,
T237,2022-06-29,92,77,16,76,4.75,2.04939015319192,0.43145055856672,91,5.6875,2.1203380233664,0.37280668542705936,123,1889,1766,952.1875,534.960337314833,0.5618224743706812,0.8247519841269841,0.1053574417835714,0.12774439323731276,1,0.013157894736842105,NA,NA,NA,1,NA,,NA,NA,NA,NA,3,12,4,KIM,42.3411633,44,21.86577181,68.3518642102832,6,NA,NA,NA,NA,
T237,2022-07-01,151,151,39,149,3.8205128205128207,1.4845129428411488,0.3885637904080859,177,4.538461538461538,1.4481595188040695,0.3190859956686933,67,1836,1769,941.0769230769231,585.6375017028962,0.6223056663509605,0.8282458282458283,0.12823355642883816,0.15482547820425324,1,0.006711409395973154,NA,NA,NA,2,NA,,NA,NA,NA,NA,3,13,5,KIM,38.2262693,40,26.44370861,51.28463078689203,6,NA,NA,NA,NA,
T243,2022-01-24,0,0,0,0,0,NA,NA,NA,NA,NA,NA,NA,NA,NA,NA,NA,NA,NA,NA,NA,NA,NA,NA,NA,NA,0,NA,NA,NA,NA,NA,NA,1,1,1,RAS,34.77419,35,14.30376,49.16191813818644,6,NA,NA,NA,NA,NA
T243,2022-01-26,35,35,6,31,5.166666666666667,3.2506409624359724,0.6291563153101882,33,5.5,3.0166206257996713,0.548476477418122,2416,3579,1163,3279.6666666666665,435.2248461044781,0.1327039880387676,0.9111111111111111,0.14401645996461912,0.15806684630263074,2,0.06451612903225806,NA,NA,NA,4,NA,,NA,NA,NA,NA,1,2,2,RAS,44.76075,44,9.153226,90.56715597278358,6,NA,NA,NA,NA,NA
T243,2022-01-28,118,115,24,112,4.666666666666667,2.140025734641417,0.4585769431374465,124,5.166666666666667,1.9927404479142845,0.3856916995963131,2090,3676,1586,2950.7916666666665,454.9230206421136,0.15416982018117634,0.886359126984127,0.1253207356931388,0.14138821599270684,3,0.026785714285714284,NA,NA,NA,3,NA,,NA,NA,NA,NA,1,3,3,RAS,44.76075,42,9.153226,90.56715597278358,6,NA,NA,NA,NA,NA
T243,2022-01-30,197,172,37,165,4.45945945945946,2.5231659411077914,0.565800847399929,191,5.162162162162162,2.1796216989997945,0.42223038148163555,1801,3559,1758,2834.9189189189187,557.1244314622471,0.19652217484749213,0.829954954954955,0.19268263904281607,0.23216035748985164,4,0.024242424242424242,NA,NA,NA,7,NA,,NA,NA,NA,NA,1,4,4,RAS,41.29032,40,7.989247,76.00247244097399,6,NA,NA,NA,NA,NA
T243,2022-02-01,88,85,24,85,3.5416666666666665,1.6934443076725039,0.47814898098988345,NA,NA,NA,NA,NA,NA,NA,NA,NA,NA,NA,NA,NA,NA,NA,NA,NA,NA,0,NA,NA,NA,NA,NA,NA,1,5,5,RAS,26.55108,27,16.5,29.561814293730414,6,NA,NA,NA,NA,NA
T243,2022-04-11,289,241,48,238,4.958333333333333,3.05243769576462,0.6156176865407638,255,5.3125,2.889130399979396,0.5438363105843569,2390,3533,1143,2931.4791666666665,407.3635518631052,0.13896177618970124,0.9170296717171718,0.1380981722147731,0.15059291588262264,2,0.008403361344537815,NA,NA,NA,3,NA,,NA,NA,NA,NA,2,6,1,KIM,38.75546448,40,16.43169,60.01055529525725,6,NA,NA,NA,NA,NA
T243,2022-04-13,292,280,54,267,4.944444444444445,2.9230164483342724,0.5911718659552461,292,5.407407407407407,2.688329203494094,0.4971567705091818,1954,3512,1558,2747.962962962963,546.4448033705489,0.1988545008559178,0.8804894179894179,0.1418115405061306,0.16105990328646397,7,0.026217228464419477,NA,NA,NA,13,NA,,NA,NA,NA,NA,2,7,2,KIM,38.47951,40,25.05874,52.9941637881893,6,NA,NA,NA,NA,NA
T243,2022-04-15,229,227,44,217,4.931818181818182,3.157845359578358,0.640300441573492,231,5.25,2.796384709202306,0.532644706514725,1833,3586,1753,2659.7045454545455,519.0713792177762,0.19516129342444183,0.9486209497573134,0.5686810341810883,0.5994818418532445,7,0.03225806451612903,NA,NA,NA,10,NA,,NA,NA,NA,NA,2,8,3,KIM,37.53415,40,22.84016,51.75206914188115,6,NA,NA,NA,NA,NA
T243,2022-07-12,138,139,27,127,4.703703703703703,2.8931592369536747,0.6150810976200727,140,5.185185185185185,2.542515971314136,0.4903423658962977,80,1770,1690,966,521.8454678424373,0.5402126996298523,1.0462522045855378,1.1999322572173958,1.146886240199357,6,0.047244094488188976,NA,NA,NA,12,NA,,NA,NA,NA,NA,3,9,1,KIM,39.3647903,40,24.3714128,56.17949781352832,2,20,8,7.2,6.9,07/20/22
T243,2022-07-14,119,119,21,102,4.857142857142857,3.453776401067595,0.711071611984505,118,5.619047619047619,3.106061661915141,0.5527736855950675,282,1822,1540,951.2380952380952,484.3603931745353,0.5091894401614558,0.818140589569161,0.18968657193600266,0.2318508265625753,8,0.0784313725490196,NA,NA,NA,17,NA,,NA,NA,NA,NA,3,10,2,KIM,42.4873068,44,21.73565121,69.01214812251496,2,NA,NA,NA,NA,
T243,2022-07-16,207,204,50,172,3.44,1.8861471364684579,0.5482985861826912,209,4.18,1.8592295968700452,0.44479176958613525,168,1766,1598,972.08,476.6666503020786,0.49035742974043145,0.8116190476190476,0.1413253149583022,0.17412764692116559,15,0.0872093023255814,NA,NA,NA,32,NA,,NA,NA,NA,NA,3,11,3,KIM,41.25883,42,22.35761589,64.02339021690695,2,NA,NA,NA,NA,
T243,2022-07-18,90,82,14,58,4.142857142857143,2.5677629550654775,0.6198048512227013,70,5,2.4178820993079553,0.48357641986159106,104,1648,1544,854.4285714285714,501.08846359864276,0.586460331916151,0.7997165532879819,0.1335891374082212,0.16704560742050203,8,0.13793103448275862,NA,NA,NA,24,NA,,NA,NA,NA,NA,3,12,4,KIM,34.0121413,35,29.93708609,38.47698787965348,2,NA,NA,NA,NA,
T243,2022-07-20,59,58,12,41,3.4166666666666665,1.8319554050414562,0.5361820697682311,55,4.583333333333333,2.0207259421636903,0.44088566010844155,111,1670,1559,824.6666666666666,568.1298400467231,0.6889205821100118,0.7393518518518518,0.12856495197435847,0.17388872652762324,7,0.17073170731707318,NA,NA,NA,17,NA,,NA,NA,NA,NA,3,13,5,KIM,28.7450331,27,38.92384106,24.658192012269176,2,NA,NA,NA,NA,
T244,2022-02-03,62,61,14,61,4.357142857142857,1.9456912102680337,0.4465520810451225,69,4.928571428571429,1.7743595036946849,0.36001497176413894,1818,3586,1768,2609.5,594.7279597882095,0.2279087793785053,0.8641156462585033,0.13359949978845095,0.1546083563778964,0,0,NA,NA,NA,0,NA,,NA,NA,NA,NA,1,1,1,KIM,42.61559,42,16.16667,74.43998027771376,6,NA,NA,NA,NA,NA
T244,2022-02-05,42,40,8,40,5,2.5071326821120348,0.501426536422407,44,5.5,2.138089935299395,0.38874362459989004,1823,3343,1520,2270,563.6125822381389,0.24828748116217572,0.8791666666666667,0.1751983003469053,0.19927768759837572,0,0,NA,NA,NA,0,NA,,NA,NA,NA,NA,1,2,2,KIM,41.24731,40,10.04839,74.12668533599488,6,NA,NA,NA,NA,NA
T244,2022-02-07,38,35,8,35,4.375,2.326094212561969,0.5316786771570214,39,4.875,2.100170061141308,0.4308041151059093,1804,3153,1349,2228.625,553.6566593373292,0.2484297086038832,0.8708333333333333,0.14953632037438636,0.1717163487552762,0,0,NA,NA,NA,0,NA,,NA,NA,NA,NA,1,3,3,KIM,35.35753,35,13.29839,51.420957556589286,6,NA,NA,NA,NA,NA
T244,2022-02-09,54,41,9,41,4.555555555555555,1.8782379449307742,0.4122961342530968,48,5.333333333333333,1.7320508075688772,0.3247595264191645,1799,2994,1195,2427.4444444444443,490.46587830121047,0.2020503000279624,0.8294973544973545,0.12073473836106634,0.1455516858570661,0,0,NA,NA,NA,0,NA,,NA,NA,NA,NA,1,4,4,KIM,26.5,27,19.46774,28.423425460238793,6,NA,NA,NA,NA,NA
T244,2022-02-11,74,73,16,73,4.5625,1.75,0.3835616438356164,86,5.375,1.6683325008322931,0.3103874420153103,1801,3583,1782,2510.875,704.3941959821456,0.2805373409596836,0.835639880952381,0.13683225737090812,0.16374548473555384,0,0,NA,NA,NA,0,NA,,NA,NA,NA,NA,1,5,5,KIM,44.47312,44,10.56452,87.79502199906061,6,NA,NA,NA,NA,NA
T244,2022-04-23,55,55,12,53,4.416666666666667,1.8319554050414562,0.41478235585844286,62,5.166666666666667,1.80067327475704,0.3485174080174916,1805,3462,1657,2511.6666666666665,544.0241193405329,0.21659885308846702,0.8596230158730158,0.2043364012016543,0.2377046652178506,2,0.03773584905660377,NA,NA,NA,2,NA,,NA,NA,NA,NA,2,6,1,KIM,40,40,NA,NA,4,NA,NA,NA,NA,NA
T244,2022-04-25,114,112,27,110,4.074074074074074,1.7080336405875962,0.41924462087150083,126,4.666666666666667,1.4142135623730951,0.30304576336566325,1800,3538,1738,2588.185185185185,506.07806003521125,0.19553394514890604,0.8508818342151675,0.15638504720090415,0.18379173336700727,1,0.00909090909090909,NA,NA,NA,2,NA,,NA,NA,NA,NA,2,7,2,KIM,39.21995,40,22.61202,57.02626267244397,4,NA,NA,NA,NA,NA
T244,2022-04-27,56,51,12,49,4.083333333333333,1.2401124093721456,0.3037009982135867,54,4.5,1.087114613009218,0.24158102511315954,1809,3349,1540,2446.0833333333335,650.5774299991066,0.26596699349263375,0.9013888888888889,0.12682174186137882,0.14069592317441101,1,0.02040816326530612,NA,NA,NA,2,NA,,NA,NA,NA,NA,2,8,3,KIM,36.87158,40,18.93989,52.37942856903478,4,NA,NA,NA,NA,NA
T244,2022-06-23,68,67,18,66,3.6666666666666665,1.3284223283101428,0.36229699863003895,77,4.277777777777778,1.0740552924509195,0.25107786057294224,61,1850,1789,727.6666666666666,654.1978473897723,0.8990350628352345,0.8398148148148148,0.13934239684482402,0.16592038433562287,1,0.015151515151515152,NA,NA,NA,1,NA,,NA,NA,NA,NA,3,9,1,KIM,41.0702434,44,22.43307522,63.30319956335863,4,18.5,8.7,7.7,7,07/11/22
T244,2022-06-25,126,128,30,128,4.266666666666667,2.3034207445529313,0.5398642370045933,145,4.833333333333333,2.0692049669866686,0.4281113724800004,69,1744,1675,730.3666666666667,530.5310601153587,0.7263900234339264,0.8607936507936508,0.16065602341530474,0.18663709155751795,0,0,NA,NA,NA,0,NA,NA,NA,NA,NA,NA,3,10,2,KIM,38.0557395,40,26.29359823,50.90173818963794,4,NA,NA,NA,NA,
T244,2022-06-27,98,77,18,77,4.277777777777778,0.7519039015221181,0.17576974321296265,85,4.722222222222222,0.6691131580686884,0.14169455112042814,227,1795,1568,1013.0555555555555,481.6584672617801,0.4754511878646582,0.9074074074074074,0.10804595703121692,0.11907105468746354,0,0,NA,NA,NA,0,NA,,NA,NA,NA,NA,3,11,3,KIM,33.6307947,35,30.51766004,37.33076151025303,4,NA,NA,NA,NA,
T244,2022-06-29,125,82,17,82,4.823529411764706,1.4677914581799016,0.30429822913485766,90,5.294117647058823,1.3585242858683528,0.25661014288624445,134,1648,1514,741.3529411764706,505.08241173798444,0.681298182936264,0.907843137254902,0.10360140749037594,0.11411818103691518,0,0,NA,NA,NA,0,NA,,NA,NA,NA,NA,3,12,4,KIM,29.7254464,27,35.53348214,27.583428651924777,4,NA,NA,NA,NA,
T244,2022-07-01,81,81,16,81,5.0625,2.9769951293208394,0.5880484206065856,88,5.5,2.6331223544175333,0.47874951898500606,74,1849,1775,795.8125,531.0357450304076,0.6672875143710455,0.8922348484848485,0.13829814680778743,0.15500195609108844,0,0,NA,NA,NA,0,NA,,NA,NA,NA,NA,3,13,5,KIM,39.6743929,42,24.13852097,57.32754691905897,4,NA,NA,NA,NA,
T246,2022-02-03,0,0,0,0,0,NA,NA,NA,NA,NA,NA,NA,NA,NA,NA,NA,NA,NA,NA,NA,NA,NA,NA,NA,NA,0,NA,NA,NA,NA,NA,NA,1,1,1,RAS,39.97043,40,16.90591,63.829605653235355,4,NA,NA,NA,NA,NA
T246,2022-02-05,0,0,0,0,0,NA,NA,NA,NA,NA,NA,NA,NA,NA,NA,NA,NA,NA,NA,NA,NA,NA,NA,NA,NA,0,NA,NA,NA,NA,NA,NA,1,2,2,RAS,25.70699,27,16.69086,28.026379496023363,4,NA,NA,NA,NA,NA
T246,2022-02-07,129,114,37,111,3,0.8498365855987975,0.28327886186626583,143,3.864864864864865,0.8219949365267865,0.2126840045558818,1929,3589,1660,2901.162162162162,469.41420429637105,0.16180212551322146,0.7738738738738739,0.11630503081778906,0.150289387901916,1,0.009009009009009009,NA,NA,NA,3,NA,,NA,NA,NA,NA,1,3,3,RAS,40.73118,42,10.74462,71.49834229958287,4,NA,NA,NA,NA,NA
T246,2022-02-09,76,72,23,69,3,1,0.3333333333333333,89,3.869565217391304,1.0576280419404613,0.2733196063441642,1848,3584,1736,2617.2608695652175,724.892482146102,0.27696607952822144,0.8376811594202899,0.48534631474335754,0.579392659468714,0,0,NA,NA,NA,3,NA,,NA,NA,NA,NA,1,4,4,RAS,45.64785,44,9.204301,94.91129341222921,4,NA,NA,NA,NA,NA
T246,2022-02-11,48,45,14,44,3.142857142857143,0.8644378215075664,0.2750483977524075,54,3.857142857142857,0.7703288865196433,0.1997148965050927,2862,3585,723,3204.285714285714,270.90657730364103,0.08454507539569715,0.8142857142857143,0.15203142146790943,0.18670525443427474,0,0,NA,NA,NA,1,NA,,NA,NA,NA,NA,1,5,5,RAS,34.26882,35,13.70161,48.096153240869434,4,NA,NA,NA,NA,NA
T247,2022-01-24,30,29,6,23,3.8333333333333335,3.0605010483034745,0.7983915778182976,29,4.833333333333333,3.600925806881706,0.7450191324582841,1881,3343,1462,2832,679.4521322359656,0.2399195382189144,0.7916666666666666,0.11486707293408518,0.14509525002200235,1,0.043478260869565216,NA,NA,NA,6,NA,,NA,NA,NA,NA,1,1,1,RAS,45.32258,44,9.865591,92.59901609524803,2,NA,NA,NA,NA,NA
T247,2022-01-26,62,62,15,40,2.6666666666666665,1.2344267996967353,0.46291004988627577,54,3.6,1.3522468075656264,0.37562411321267397,1874,3328,1454,2411.9333333333334,651.4801243176589,0.2701070196734261,0.746031746031746,0.16514040385574544,0.22135841367897793,2,0.05,NA,NA,NA,22,NA,,NA,NA,NA,NA,1,2,2,RAS,36,35,11.1371,54.66138688005876,2,NA,NA,NA,NA,NA
T247,2022-01-28,118,119,28,77,2.75,1.2056963563450391,0.4384350386709233,96,3.4285714285714284,1.3173646934124716,0.3842313689119709,2074,3809,1735,2865.1785714285716,667.1418891544364,0.2328447852455496,0.8056547619047619,0.1474064809800459,0.18296482308568682,2,0.025974025974025976,NA,NA,NA,42,NA,,NA,NA,NA,NA,1,3,3,RAS,43.42204,42,10.53226,82.99176929117279,2,NA,NA,NA,NA,NA
T247,2022-01-30,162,159,48,129,2.6875,1.1514329647619204,0.428440172934668,171,3.5625,1.1833283388167497,0.33216234072049117,1844,3409,1565,2733.9166666666665,564.8985912884864,0.2066261192874032,0.7512152777777777,0.139273588086383,0.18539770450140192,10,0.07751937984496124,NA,NA,NA,30,NA,,NA,NA,NA,NA,1,4,4,RAS,27.1828,27,10.63978,32.86242508277273,2,NA,NA,NA,NA,NA
T247,2022-02-01,174,174,55,174,3.1636363636363636,5.445907863516648,1.7214076580081357,NA,NA,NA,NA,NA,NA,NA,NA,NA,NA,NA,NA,NA,NA,NA,NA,NA,NA,0,NA,NA,NA,NA,NA,NA,1,5,5,RAS,41.45699,40,9.422043,75.50491260160402,2,NA,NA,NA,NA,NA
T247,2022-04-11,70,63,13,54,4.153846153846154,2.9677756498246812,0.714464508291127,65,5,2.70801280154532,0.541602560309064,1853,3292,1439,2616.6923076923076,599.0417882773824,0.22893092417338304,0.7713675213675214,0.13662687906693452,0.17712293463525028,3,0.05555555555555555,NA,NA,NA,9,NA,Sang more at the beginning of the trial/before the trial,NA,NA,NA,NA,2,6,1,KIM,39.467213,40,15.61475,63.04123467047879,2,NA,NA,NA,NA,NA
T247,2022-04-13,79,80,20,62,3.1,1.8035053587243284,0.5817759221691382,75,3.75,1.7733405882980469,0.4728908235461458,1835,3569,1734,2458.85,697.8241578386047,0.2838010280572645,0.8116071428571429,0.15410109306902992,0.18987153381442629,2,0.03225806451612903,NA,NA,NA,18,NA,,NA,NA,NA,NA,2,7,2,KIM,38.75956,40,24.4153,54.289889180203595,2,NA,NA,NA,NA,NA
T247,2022-04-15,80,85,18,70,3.888888888888889,2.8674417556808756,0.7373421657465109,79,4.388888888888889,2.61531437518432,0.595894414598959,1812,2958,1146,2340.0555555555557,459.77084729911246,0.19647860334237136,0.8425925925925926,0.16639411265491463,0.19747872710693165,1,0.014285714285714285,NA,NA,NA,15,NA,,NA,NA,NA,NA,2,8,3,KIM,39.06011,40,20.83607,57.81932897611615,2,NA,NA,NA,NA,NA
T247,2022-06-06,185,185,44,145,3.2954545454545454,2.2781014683747993,0.6912859628171805,181,4.113636363636363,2.334930994358158,0.5676075345401047,76,1761,1685,917.1136363636364,588.5184874260818,0.6417072695152182,0.8054292929292929,0.18669588271256946,0.23179673790304908,10,0.06896551724137931,NA,NA,NA,40,NA,,NA,NA,NA,NA,3,9,1,KIM,39.4045254,40,23.87969095,56.66950349748702,2,16.5,8.5,7.3,6.4,06/23/22
T247,2022-06-08,120,98,32,98,3.0625,2.1241696669978007,0.6936064218768329,120,3.75,2.079081683138325,0.55442178217022,72,1620,1548,824.8125,536.6047044808382,0.6505778034169442,0.7952008928571428,0.15394635771106002,0.19359429685489093,4,0.04081632653061224,NA,NA,NA,0,FALSE,NA,NA,NA,NA,NA,3,10,2,KIM,40.9321192,42,25.97406181,59.95708425451985,2,NA,NA,NA,NA,
T247,2022-06-10,117,86,16,74,4.625,2.84897642437888,0.6159949025684065,82,5.125,2.526525941551627,0.49298067152226865,158,1674,1516,819.8125,469.64670675590463,0.5728708781043282,0.866765873015873,0.1507657660099079,0.1739405884605553,1,0.013513513513513514,NA,NA,NA,12,NA,,NA,NA,NA,NA,3,11,3,KIM,34.5518764,35,28.36203091,40.57798573361155,2,NA,NA,NA,NA,
T247,2022-06-12,58,57,13,49,3.769230769230769,3.0318818730794397,0.8043768234700555,58,4.461538461538462,2.904461643041174,0.6510000234402631,119,1703,1584,907.9230769230769,583.3507323412537,0.6425111853288399,0.8102564102564103,0.17970377651414923,0.22178630645733607,1,0.02040816326530612,NA,NA,NA,8,NA,,NA,NA,NA,NA,3,12,4,KIM,42.6594923,44,21.36699779,69.98904739268623,2,NA,NA,NA,NA,
T247,2022-06-14,112,111,30,100,3.3333333333333335,2.154919525392895,0.6464758576178685,122,4.066666666666666,1.9286109586656033,0.4742485963931812,70,1455,1385,558.8,443.62397870579383,0.7938868623940477,0.7824603174603174,0.143956475301907,0.18397926653859706,0,0,NA,NA,NA,11,NA,,NA,NA,NA,NA,3,13,5,KIM,31.9045254,27,41.81898455,28.286486672403285,2,NA,NA,NA,NA,
T247,2022-06-16,120,109,25,99,3.96,2.745906043549196,0.6934106170578778,115,4.6,2.614064523559687,0.568274896426019,59,1411,1352,572.52,489.7033217503566,0.8553471001019294,0.8289047619047619,0.14682466752285628,0.17713092537369918,3,0.030303030303030304,NA,NA,NA,10,NA,,NA,NA,NA,NA,3,14,6,KIM,30.9961369,27,36.87748344,29.103771713840793,2,NA,NA,NA,NA,
T257,2022-07-11,176,175,47,99,2.106382978723404,0.3749807272259927,0.17802115332951168,169,3.595744680851064,0.7119958007962732,0.1980106664936381,226,1821,1595,1123.127659574468,505.7601088426975,0.45031399995466276,0.5960992907801418,0.08758796585588167,0.14693519554645232,15,0.15151515151515152,NA,NA,NA,76,NA,,NA,NA,NA,NA,3,1,1,KIM,31.2292359,27,30.86378738,32.314246545796614,1,15,8.6,7.5,6.3,07/20/22
T257,2022-07-13,169,162,41,86,2.097560975609756,0.30040622902833486,0.14321692314141546,148,3.6097560975609757,0.8330080666022329,0.2307657481803483,207,1664,1457,983.8780487804878,457.84845719527937,0.4653508204220842,0.6,0.10878112581387146,0.18130187635645245,11,0.12790697674418605,NA,NA,NA,76,NA,,NA,NA,NA,NA,3,2,2,KIM,34.1230684,35,27.02041943,40.33472803179081,1,NA,NA,NA,NA,
T257,2022-07-15,317,320,84,190,2.261904761904762,0.4937939577882008,0.21830890765373087,327,3.892857142857143,0.7917931022024333,0.20339639322631314,262,1833,1571,1102.2380952380952,430.56098511681466,0.3906243006632872,0.5878968253968254,0.0904529428819869,0.15385853261060206,25,0.13157894736842105,NA,NA,NA,130,NA,,NA,NA,NA,NA,3,3,3,KIM,41.4839956,42,19.44039735,67.25302513838241,1,NA,NA,NA,NA,
T257,2022-07-17,245,247,62,138,2.225806451612903,0.4215255214142982,0.18938103136004705,250,4.032258064516129,0.9227141350027631,0.22883310548068525,215,1834,1619,1085.1451612903227,391.61171162405384,0.36088417070246787,0.564516129032258,0.09116149279370384,0.16148607294884681,17,0.12318840579710146,NA,NA,NA,109,NA,,NA,NA,NA,NA,3,4,4,KIM,42.8068433,44,18.46357616,73.15616278044888,1,NA,NA,NA,NA,
T257,2022-07-19,253,245,73,160,2.191780821917808,0.396426196247848,0.18086945203808064,277,3.7945205479452055,0.5517372590682453,0.14540368199271447,173,1746,1573,807.4246575342465,381.6014106443841,0.47261550298666555,0.5833333333333334,0.09582326839255743,0.16426846010152701,7,0.04375,NA,NA,NA,85,NA,,NA,NA,NA,NA,3,5,5,KIM,38.8427152,40,25.66335541,53.64117290441489,1,NA,NA,NA,NA,
T258,2022-07-12,74,71,24,57,2.375,0.6468989572333266,0.2723785083087691,95,3.9583333333333335,1.3014763077790332,0.3287940145968084,562,1747,1185,1340.1666666666667,350.1200622229673,0.26125113460238825,0.6224537037037037,0.12896923165030846,0.2071948980027269,9,0.15789473684210525,NA,NA,NA,14,NA,,NA,NA,NA,NA,3,1,1,KIM,33.7229581,35,31.09988962,37.21477455080794,6,15,8.5,7.6,6.5,07/20/22
T258,2022-07-14,45,45,14,35,2.5,1.0190493307301363,0.4076197322920545,57,4.071428571428571,0.9972489631508746,0.24493834182653063,76,1844,1768,821,614.9866790302171,0.7490702546044058,0.6071428571428571,0.1403162310235159,0.23110908639167327,3,0.08571428571428572,NA,NA,NA,10,NA,,NA,NA,NA,NA,3,2,2,KIM,39.1363135,40,25.17715232,54.880571495653406,6,NA,NA,NA,NA,
T258,2022-07-16,20,20,7,16,2.2857142857142856,0.4879500364742666,0.21347814095749165,24,3.4285714285714284,0.7867957924694432,0.22948210613692094,98,1756,1658,1183.2857142857142,546.5063934623621,0.46185497455469454,0.680952380952381,0.15378814535195373,0.22584273093643553,4,0.25,NA,NA,NA,4,NA,,NA,NA,NA,NA,3,3,3,KIM,29.6451435,27,36.96743929,26.842258761367066,6,NA,NA,NA,NA,
T258,2022-07-18,32,29,11,25,2.272727272727273,0.46709936649691375,0.20552372125864204,43,3.909090909090909,0.8312094145936335,0.21263496652395275,91,1813,1722,852,780.821362412684,0.9164569981369531,0.5878787878787879,0.0749410542770891,0.12747705108989382,3,0.12,NA,NA,NA,4,NA,,NA,NA,NA,NA,3,4,4,KIM,40.6830752,42,23.80088496,60.87832019305031,6,NA,NA,NA,NA,
T258,2022-07-22,0,1,0,0,0,NA,NA,NA,NA,NA,NA,NA,NA,NA,NA,NA,NA,NA,NA,NA,NA,NA,NA,NA,NA,1,NA,,NA,NA,NA,NA,3,5,5,KIM,44.833333,44,21.0378,79.02592258077833,6,NA,NA,NA,NA,
T259,2022-07-12,7,7,1,3,3,NA,NA,4,4,NA,NA,1796,1796,0,1796,NA,NA,0.75,NA,NA,1,0.3333333333333333,NA,NA,NA,4,NA,,NA,NA,NA,NA,3,1,1,KIM,33.2836645,35,30.63300221,36.530740648108484,4,16,8.7,7.3,6.2,07/20/22
T259,2022-07-14,0,0,0,0,0,NA,NA,NA,NA,NA,NA,NA,NA,NA,NA,NA,NA,NA,NA,NA,NA,NA,NA,NA,NA,0,NA,NA,NA,NA,NA,NA,3,2,2,KIM,38.0077263,40,25.25883002,51.47790265088694,4,NA,NA,NA,NA,
T259,2022-07-16,0,0,0,0,0,NA,NA,NA,NA,NA,NA,NA,NA,NA,NA,NA,NA,NA,NA,NA,NA,NA,NA,NA,NA,0,NA,NA,NA,NA,NA,NA,3,3,3,KIM,40.2378587,42,22.95584989,60.06244752089803,4,NA,NA,NA,NA,
T259,2022-07-18,0,0,0,0,0,NA,NA,NA,NA,NA,NA,NA,NA,NA,NA,NA,NA,NA,NA,NA,NA,NA,NA,NA,NA,0,NA,NA,NA,NA,NA,NA,3,4,4,KIM,41.6434879,44,22.05684327,65.63882230082449,4,NA,NA,NA,NA,
T259,2022-07-20,18,18,5,11,2.2,0.44721359549995793,0.20327890704543541,18,3.6,0.5477225575051661,0.15214515486254612,523,664,141,589.6,58.380647478423874,0.0990173803908139,0.6166666666666667,0.11180339887498948,0.18130280898646942,1,0.09090909090909091,NA,NA,NA,7,NA,,NA,NA,NA,NA,3,5,5,KIM,29.0198675,27,38.24172185,25.343831308428427,4,NA,NA,NA,NA,
T260,2022-07-11,43,42,17,39,2.2941176470588234,0.5878675320972554,0.25624994988854727,57,3.3529411764705883,0.9314757424772421,0.2778085547739143,552,1090,538,759,157.34675084030175,0.20730797212160967,0.692156862745098,0.08602277780131026,0.12428220022285619,2,0.05128205128205128,NA,NA,NA,3,NA,,NA,NA,NA,NA,3,1,1,KIM,37.6434928,40,25.11067853,50.53826030531714,3,15.5,8.7,7.6,6.8,07/20/22
T260,2022-07-13,74,73,24,60,2.5,0.7223151185146152,0.28892604740584604,84,3.5,0.7801894976054939,0.22291128503014113,89,683,594,264.6666666666667,152.0994144763811,0.574682926233178,0.7145833333333333,0.11623236970876893,0.16265754361576992,1,0.016666666666666666,NA,NA,NA,13,NA,,NA,NA,NA,NA,3,2,2,KIM,33.805187599999996,35,29.94426049,38.018313997481755,3,NA,NA,NA,NA,
T260,2022-07-15,65,66,22,54,2.4545454545454546,0.5096471914376255,0.20763404095606963,77,3.5,0.7400128699009549,0.21143224854312997,249,918,669,522.6363636363636,216.19954307130814,0.41367106867009734,0.7068181818181818,0.1057424107511146,0.14960341070897243,4,0.07407407407407407,NA,NA,NA,12,NA,,NA,NA,NA,NA,3,3,3,KIM,40.683223,42,22.82450331,61.65888918640085,3,NA,NA,NA,NA,
T260,2022-07-17,76,82,29,74,2.5517241379310347,0.7831350411077501,0.3069042728665507,106,3.6551724137931036,0.7688517444384896,0.21034623196902072,113,1846,1733,665.1379310344828,555.0638138434388,0.8345093370034592,0.7011494252873564,0.1502597641284178,0.21430490949462866,1,0.013513513513513514,NA,NA,NA,8,NA,,NA,NA,NA,NA,3,4,4,KIM,31.3636865,27,33.07119205,31.529280161460292,3,NA,NA,NA,NA,
T260,2022-07-19,198,181,61,143,2.3442622950819674,0.6023632874392701,0.25695217156500333,192,3.1475409836065573,0.7032321943182658,0.22342272840319902,88,1777,1689,861.5409836065573,516.2215149129455,0.5991839329012002,0.7540983606557377,0.13644479746962512,0.1809376662097203,6,0.04195804195804196,NA,NA,NA,38,NA,,NA,NA,NA,NA,3,5,5,KIM,40.9828918,44,23.11203091,62.44901469327356,3,NA,NA,NA,NA,
