male,date,motif_count,song_count,song_motif_count,song_motif_mean,song_motif_sd,song_motif_cv,song_length_sum,song_length_mean,song_length_sd,song_length_cv,song_start_mean,song_start_sd,song_start_cv,motifs_per_sec_mean,motifs_per_sec_sd,motifs_per_sec_cv,post_song_motif_occurances,post_song_motif_freq,file,start_song,end_song,misc_motif_count,post_song_motif,notes,song_start,song_end,song_length,date_file,round,trial,trial_round,counter,temp,temp_target,humidity_mean,vpd,chamber,mass,bill_length,bill_depth,bill_width,bill_date
T229,2022-02-13,0,0,0,0,NA,NA,NA,NA,NA,NA,NA,NA,NA,NA,NA,NA,NA,NA,NA,NA,NA,0,NA,NA,NA,NA,NA,NA,1,1,1,KIM,45.84946,44,9.263441,95.8735320703128,6,NA,NA,NA,NA,NA
T229,2022-02-15,24,7,22,3.142857142857143,1.0690449676496976,0.3401506715249038,26,3.7142857142857144,1.4960264830861913,0.4027763608308977,3202.285714285714,50.31141118313116,0.015711093784882144,0.8761904761904762,0.11935674151899316,0.13622236803798132,2,0.09090909090909091,NA,NA,NA,2,NA,,NA,NA,NA,NA,1,2,2,KIM,42.28226,42,9.849462,78.61128738163345,6,NA,NA,NA,NA,NA
T229,2022-02-17,114,28,85,3.0357142857142856,1.3188699668344825,0.43445128319253545,103,3.6785714285714284,2.000991817566542,0.5439589406977008,989.8571428571429,404.98904551126685,0.4091388827505943,0.8737244897959183,0.15253585895980495,0.17458118748100304,12,0.1411764705882353,NA,NA,NA,29,NA,,NA,NA,NA,NA,1,3,3,KIM,40.65323,40,18.33065,65.14167078411919,6,NA,NA,NA,NA,NA
T229,2022-02-19,159,51,159,3.1176470588235294,1.2271439821557928,0.3936122206914807,177,3.4705882352941178,1.4471066467468192,0.4169629321134903,2962.1176470588234,392.24363077346834,0.13242000403425533,0.9159197012138188,0.12679503895607533,0.13843466713079838,15,0.09433962264150944,NA,NA,NA,0,NA,NA,NA,NA,NA,NA,1,4,4,KIM,26.2043,27,19,28.082546372402142,6,NA,NA,NA,NA,NA
T229,2022-02-21,318,83,227,2.7349397590361444,1.0829536997669686,0.395969854980874,254,3.0602409638554215,1.291146187623111,0.421909974695741,2733.3373493975905,608.3262779276257,0.2225580673610218,0.9163319946452476,0.13677895831197626,0.1492679062951735,40,0.1762114537444934,NA,NA,NA,91,NA,,NA,NA,NA,NA,1,5,5,KIM,34.90591,35,14.14247,49.62633057803805,6,NA,NA,NA,NA,NA
T229,2022-05-05,80,20,62,3.1,1.3726654823065194,0.4427953168730708,74,3.7,1.7800059136507325,0.4810826793650628,3121.75,596.2444637280214,0.19099686513270486,0.8986309523809524,0.2906757180187391,0.32346506343742576,7,0.11290322580645161,NA,NA,NA,18,NA,,NA,NA,NA,NA,2,6,1,KIM,39.19399,40,24.0847,55.86049337269687,6,NA,NA,NA,NA,NA
T229,2022-05-07,167,48,148,3.0833333333333335,1.6351632533934424,0.5303232173167921,170,3.5416666666666665,2.192427328020813,0.6190383043823473,2651.9166666666665,572.1091933171623,0.21573422743946039,0.9481271621896622,0.30549655308511375,0.32221052751993895,6,0.04054054054054054,NA,NA,NA,19,NA,,NA,NA,NA,NA,2,7,2,KIM,39.88934,40,22.70355,59.11059881828575,6,NA,NA,NA,NA,NA
T229,2022-05-09,310,85,262,3.0823529411764707,1.2929457387970267,0.4194671289990354,297,3.4941176470588236,1.54783665783174,0.44298355527171007,2714.5529411764705,555.4847626790743,0.20463213454158333,0.9029318394024276,0.14043492308905234,0.15553214202967308,27,0.10305343511450382,NA,NA,NA,48,NA,,NA,NA,NA,NA,2,8,3,KIM,38.80191,40,23.50956,55.07013638548809,6,NA,NA,NA,NA,NA
T229,2022-06-24,101,29,75,2.586206896551724,0.7327658649308672,0.28333613443993527,98,3.3793103448275863,1.0827805840074194,0.3204146626144404,8165.551724137931,524.4054174700345,0.06422167603443821,0.7879310344827586,0.15487428028223166,0.19655816753543626,8,0.10666666666666667,NA,NA,NA,26,NA,,NA,NA,NA,NA,3,9,1,KIM,39.8807947,40,24.37030905,57.80867090331119,5,19,8.8,7.5,6.8,07/11/22
T229,2022-06-26,34,7,28,4,1.7320508075688772,0.4330127018922193,36,5.142857142857143,2.5448360411214073,0.49482923021805136,2977.1428571428573,70.69282983780032,0.023745192363944442,0.8115646258503402,0.13490029191707945,0.16622248878298976,3,0.10714285714285714,NA,NA,NA,6,NA,,NA,NA,NA,NA,3,10,2,KIM,36.082781,35,30.74337748,42.80145769610145,5,NA,NA,NA,NA,
T229,2022-06-28,62,17,47,2.764705882352941,0.9701425001453319,0.3509026064355456,59,3.4705882352941178,1.2307338795828044,0.3546182364899606,7822.588235294118,553.5180731944904,0.07075894276233484,0.8127450980392157,0.13572457452767703,0.16699525454551334,7,0.14893617021276595,NA,NA,NA,15,NA,,NA,NA,NA,NA,3,11,3,KIM,43.239514,44,21.88300221,71.75084129472704,5,NA,NA,NA,NA,
T229,2022-06-30,105,29,79,2.7241379310344827,1.1617890060511336,0.4264795085504161,104,3.586206896551724,1.7630582475450018,0.491622011334664,8302.793103448275,669.9726209390066,0.08069243838687933,0.8042419266557197,0.16188228967110574,0.2012855638405487,12,0.1518987341772152,NA,NA,NA,26,NA,,NA,NA,NA,NA,3,12,4,KIM,41.7671082,42,23.3200883,65.01266936545589,5,NA,NA,NA,NA,
T229,2022-07-02,200,52,168,3.230769230769231,1.0406518435225336,0.3221065229950699,204,3.923076923076923,1.4258970873701717,0.3634639634472987,7916.7692307692305,366.57388926325996,0.04630347033971103,0.8441391941391941,0.1363263358466516,0.1614974601264304,19,0.1130952380952381,NA,NA,NA,32,NA,,NA,NA,NA,NA,3,13,5,KIM,30.6452328,27,38.36640798,27.83865067771336,5,NA,NA,NA,NA,
T230,2022-02-23,0,0,0,0,NA,NA,NA,NA,NA,NA,NA,NA,NA,NA,NA,NA,NA,NA,NA,NA,NA,0,NA,NA,NA,NA,NA,NA,1,1,1,KIM,44.23656,42,18.96505,78.5438107770662,6,NA,NA,NA,NA,NA
T230,2022-02-25,0,0,0,0,NA,NA,NA,NA,NA,NA,NA,NA,NA,NA,NA,NA,NA,NA,NA,NA,NA,0,NA,NA,NA,NA,NA,NA,1,2,2,KIM,34.48656,35,24.73118,42.47555556425926,6,NA,NA,NA,NA,NA
T230,2022-02-27,0,0,0,0,NA,NA,NA,NA,NA,NA,NA,NA,NA,NA,NA,NA,NA,NA,NA,NA,NA,0,NA,NA,NA,NA,NA,NA,1,3,3,KIM,46.6129,44,12.38172,96.40917379442759,6,NA,NA,NA,NA,NA
T230,2022-03-01,0,0,0,0,NA,NA,NA,NA,NA,NA,NA,NA,NA,NA,NA,NA,NA,NA,NA,NA,NA,0,NA,NA,NA,NA,NA,NA,1,4,4,KIM,41.0914,40,13.24194,70.88640955768284,6,NA,NA,NA,NA,NA
T230,2022-03-03,0,0,0,0,NA,NA,NA,NA,NA,NA,NA,NA,NA,NA,NA,NA,NA,NA,NA,NA,NA,0,NA,NA,NA,NA,NA,NA,1,5,5,KIM,27.46505,27,25,28.052473571028234,6,NA,NA,NA,NA,NA
T230,2022-05-24,0,0,0,0,NA,NA,NA,NA,NA,NA,NA,NA,NA,NA,NA,NA,NA,NA,NA,NA,NA,0,NA,NA,NA,NA,NA,NA,2,6,1,KIM,38.49727,40,23.69809,54.00981215326537,4,NA,NA,NA,NA,NA
T230,2022-05-26,0,0,0,0,NA,NA,NA,NA,NA,NA,NA,NA,NA,NA,NA,NA,0,NA,NA,NA,NA,0,NA,NA,NA,NA,NA,NA,2,7,2,KIM,38.6694,40,24.19809,54.17319002511011,4,NA,NA,NA,NA,NA
T230,2022-05-28,0,0,0,0,NA,NA,NA,NA,NA,NA,NA,NA,NA,NA,NA,NA,NA,NA,NA,NA,NA,0,NA,NA,NA,NA,NA,NA,2,8,3,KIM,38.60109,40,24.22268,53.94986633627256,4,NA,NA,NA,NA,NA
T230,2022-06-06,9,3,9,3,2.6457513110645907,0.8819171036881969,NA,NA,NA,NA,NA,NA,NA,NA,NA,NA,NA,NA,NA,NA,NA,0,NA,NA,NA,NA,NA,NA,3,9,1,KIM,39.2935982,40,24.34492274,55.9776561741266,6,18.5,8.2,7.4,6.5,06/23/22
T230,2022-06-08,0,0,0,0,NA,NA,NA,NA,NA,NA,NA,NA,NA,NA,NA,NA,NA,NA,NA,NA,NA,0,NA,NA,NA,NA,NA,NA,3,10,2,KIM,33.4254967,35,35.40286976,34.298133845283395,6,NA,NA,NA,NA,
T230,2022-06-10,14,3,14,4.666666666666667,2.0816659994661326,0.4460712855998855,9,3,1.7320508075688772,0.5773502691896257,8863.666666666666,6.506407098647712,7.34053675903243e-4,1.6333333333333333,0.3214550253664319,0.19680919920393788,0,0,NA,NA,NA,0,NA,,NA,NA,NA,NA,3,11,3,KIM,41.3907285,42,22.30905077,64.52794951552592,6,NA,NA,NA,NA,
T230,2022-06-12,6,2,6,3,0,0,5,2.5,0.7071067811865476,0.282842712474619,7245.5,2.1213203435596424,2.9277763350488476e-4,1.25,0.3535533905932738,0.282842712474619,0,0,NA,NA,NA,0,NA,,NA,NA,NA,NA,3,12,4,KIM,30.9966887,27,35.25662252,29.8520633658075,6,NA,NA,NA,NA,
T230,2022-06-14,0,0,0,0,NA,NA,NA,NA,NA,NA,NA,NA,NA,NA,NA,NA,NA,NA,NA,NA,NA,0,NA,NA,NA,NA,NA,NA,3,13,5,KIM,42.6244469,44,28.18086283,63.802644579280084,6,NA,NA,NA,NA,
T231,2022-02-13,57,15,55,3.6666666666666665,1.9880595947760098,0.5421980713025482,45,3,1.7728105208558367,0.5909368402852789,2596.9333333333334,366.3205985914264,0.1410589151016942,1.322857142857143,0.38930864938991006,0.2942937954351372,2,0.03636363636363636,NA,NA,NA,2,NA,,NA,NA,NA,NA,1,1,1,RAS,42.79839,42,10.77151,80.02092905813176,2,NA,NA,NA,NA,NA
T231,2022-02-15,0,0,0,0,NA,NA,NA,NA,NA,NA,NA,NA,NA,NA,NA,NA,NA,NA,NA,NA,NA,0,NA,NA,NA,NA,NA,NA,1,2,2,RAS,45.04301,44,8.75,92.35456690051808,2,NA,NA,NA,NA,NA
T231,2022-02-17,87,19,82,4.315789473684211,2.135744251723958,0.4948675705214049,81,4.2631578947368425,1.8511889651776021,0.4342295103503017,794.8421052631579,459.12153597421417,0.5776260881677969,1.01234335839599,0.1969402548761032,0.19453899039565556,4,0.04878048780487805,NA,NA,NA,5,NA,,NA,NA,NA,NA,1,3,3,KIM,41.12903,40,16.53763,68.33453352735373,2,NA,NA,NA,NA,NA
T231,2022-02-19,24,9,24,2.6666666666666665,1,0.375,21,2.3333333333333335,1.3228756555322954,0.5669467095138409,3476.222222222222,58.15663714869047,0.016729838724612103,1.3333333333333333,0.5,0.375,0,0,NA,NA,NA,0,NA,,NA,NA,NA,NA,1,4,4,RAS,27.24462,27,17.29032,30.52978394285837,2,NA,NA,NA,NA,NA
T231,2022-02-21,211,62,205,3.306451612903226,1.5213099368142622,0.46010349308528903,167,2.693548387096774,1.2878843965712847,0.47813672208035723,2658.032258064516,359.70238006030354,0.13532656684995462,1.3043010752688171,0.35665588416201105,0.2734459787886812,6,0.02926829268292683,NA,NA,NA,6,NA,,NA,NA,NA,NA,1,5,5,RAS,36.51075,35,12.65054,55.30592144111422,2,NA,NA,NA,NA,NA
T231,2022-05-05,17,3,15,5,2,0.4,14,4.666666666666667,1.1547005383792515,0.24743582965269673,2910.6666666666665,541.2765774844994,0.1859630935013168,1.0555555555555556,0.2678791878053599,0.2537802831840252,1,0.06666666666666667,NA,NA,NA,2,NA,,NA,NA,NA,NA,2,6,1,KIM,39.03005,40,23.80055,55.56124671940209,2,NA,NA,NA,NA,NA
T231,2022-05-07,249,83,242,2.9156626506024095,0.9397044070410657,0.3222953131587126,196,2.36144578313253,0.9700177676649329,0.41077283018463995,2801.5421686746986,470.8496290750557,0.1680680142315318,1.3253012048192772,0.39423660791485476,0.29746944051757224,4,0.01652892561983471,NA,NA,NA,7,NA,,NA,NA,NA,NA,2,7,2,KIM,40.52869,40,21.61066,62.09839005896374,2,NA,NA,NA,NA,NA
T231,2022-05-09,33,10,30,3,1.0540925533894598,0.35136418446315326,24,2.4,1.0749676997731399,0.4479032082388083,2660.7,611.7446907547843,0.2299187021290579,1.375,0.42537202308648764,0.30936147133562736,3,0.1,NA,NA,NA,3,NA,,NA,NA,NA,NA,2,8,3,KIM,39.40984,40,22.51503,57.702458189413655,2,NA,NA,NA,NA,NA
T231,2022-06-24,58,18,54,3,1.0846522890932808,0.3615507630310936,44,2.4444444444444446,0.8555852638929972,0.3500121534107715,7890,563.379404079681,0.07140423372366045,1.2518518518518518,0.2810396716168604,0.2244991459661311,1,0.018518518518518517,NA,NA,NA,4,NA,,NA,NA,NA,NA,3,9,1,KIM,34.5242826,35,25.61865342,42.065453214785215,1,18.5,9.3,8,7.1,07/11/22
T231,2022-06-26,45,11,39,3.5454545454545454,1.6348477827391983,0.4611109130802867,34,3.090909090909091,1.4459976109624424,0.46782275648784905,7790.454545454545,420.4301044493278,0.05396733938902627,1.1954545454545453,0.32438753479021465,0.2713507895583545,0,0,NA,NA,NA,6,NA,,NA,NA,NA,NA,3,10,2,KIM,43.0728477,44,19.23289183,73.51857291501179,1,NA,NA,NA,NA,
T231,2022-06-28,130,42,127,3.0238095238095237,1.5537224418307627,0.5138294689519057,107,2.5476190476190474,1.8239916151976319,0.7159593255915938,7642.214285714285,318.0570999291338,0.04161844827142352,1.363718820861678,0.42781835032898874,0.31371448702208854,2,0.015748031496062992,NA,NA,NA,3,NA,,NA,NA,NA,NA,3,11,3,KIM,38.9359823,40,21.07671082,57.247155885024654,1,NA,NA,NA,NA,
T231,2022-06-30,178,49,177,3.6122448979591835,1.3966675596249967,0.3866480814781064,147,3,1.3844373104863459,0.46147910349544863,7761.285714285715,312.42605791877645,0.0402544203911619,1.293731778425656,0.3299916446143668,0.2550695979779782,0,0,NA,NA,NA,1,NA,,NA,NA,NA,NA,3,12,4,KIM,41.5932671,42,19.00827815,68.01911624136831,1,NA,NA,NA,NA,
T231,2022-07-02,203,55,196,3.5636363636363635,1.5958700908286196,0.447820688752929,164,2.981818181818182,1.4206272622267313,0.47642987452725744,7970.963636363636,396.93902711347397,0.04979812293994582,1.2778787878787878,0.3650082380469309,0.2856360411560047,6,0.030612244897959183,NA,NA,NA,7,NA,,NA,NA,NA,NA,3,13,5,KIM,31.0380795,27,34.38631347,30.326753340398806,1,NA,NA,NA,NA,
T234,2022-02-03,0,0,0,0,NA,NA,NA,NA,NA,NA,NA,NA,NA,NA,NA,NA,NA,NA,NA,NA,NA,0,NA,NA,NA,NA,NA,NA,1,1,1,RAS,43.04301,42,15.26882,77.00231158398648,2,NA,NA,NA,NA,NA
T234,2022-02-05,30,11,28,2.5454545454545454,0.6875516509523286,0.2701095771598434,36,3.272727272727273,1.2720777563426766,0.3886904255491512,3040.818181818182,695.174052764028,0.22861414632438362,0.8181818181818181,0.1482217830472194,0.1811599570577126,1,0.03571428571428571,NA,NA,NA,2,NA,,NA,NA,NA,NA,1,2,2,RAS,44.53226,44,9.360215,89.26017713195539,2,NA,NA,NA,NA,NA
T234,2022-02-07,34,7,26,3.7142857142857144,1.2535663410560174,0.3374986302843124,36,5.142857142857143,1.5735915849388864,0.30597614151589453,2129.1428571428573,347.23019673382316,0.1630844992711193,0.7163265306122449,0.07136807717979532,0.09963064905441511,5,0.19230769230769232,NA,NA,NA,8,NA,,NA,NA,NA,NA,1,3,3,RAS,27.15591,27,17.00538,30.472208634132077,2,NA,NA,NA,NA,NA
T234,2022-02-09,78,21,47,2.238095238095238,0.6248809410409238,0.2792021225927532,59,2.8095238095238093,1.030487633067356,0.3667837338036352,2603.3809523809523,482.0297165310948,0.18515527513952534,0.834920634920635,0.16682532131150785,0.19980979548716718,5,0.10638297872340426,NA,NA,NA,31,NA,,NA,NA,NA,NA,1,4,4,RAS,41.09677,40,10.77688,72.92198527739245,2,NA,NA,NA,NA,NA
T234,2022-02-11,52,14,43,3.0714285714285716,1.328057326976612,0.4323907576202923,54,3.857142857142857,2.0326997151247235,0.5269962224397431,2422.3571428571427,554.088386054463,0.22873934493446413,0.8472789115646259,0.14619380848016705,0.1725450810645087,7,0.16279069767441862,NA,NA,NA,9,NA,,NA,NA,NA,NA,1,5,5,RAS,36.1129,35,12.69892,54.04527993195101,2,NA,NA,NA,NA,NA
T234,2022-04-23,33,7,27,3.857142857142857,2.1157009420498154,0.5485150590499521,36,5.142857142857143,3.0237157840738176,0.5879447357921311,2537.8571428571427,690.9147146045906,0.27224334377889864,0.791156462585034,0.1621946184874145,0.20500953497549385,3,0.1111111111111111,NA,NA,NA,6,NA,,NA,NA,NA,NA,2,6,1,KIM,39.49727,40,22.79781,57.77118085504336,2,NA,NA,NA,NA,NA
T234,2022-04-25,31,8,25,3.125,1.3562026818605375,0.433984858195372,29,3.625,1.9955307206712847,0.5504912332886303,2355.875,486.29868467258444,0.20641956159498465,0.9166666666666666,0.12598815766974242,0.13744162654880993,3,0.12,NA,NA,NA,6,NA,,NA,NA,NA,NA,2,7,2,KIM,39.34973,40,23.16257,57.02980839587151,2,NA,NA,NA,NA,NA
T234,2022-04-27,40,11,35,3.1818181818181817,1.2504544628399563,0.39299997403541487,48,4.363636363636363,1.9632996344280855,0.44992283288976964,2661.090909090909,439.92941582609694,0.16531919834951717,0.7583333333333333,0.1356568383008309,0.1788881384186781,0,0,NA,NA,NA,5,NA,,NA,NA,NA,NA,2,8,3,KIM,38.32787,40,17.74863,57.6733245021573,2,NA,NA,NA,NA,NA
T234,2022-06-23,36,9,28,3.111111111111111,1.6158932858054431,0.5193942704374639,36,4,2.449489742783178,0.6123724356957945,7356.222222222223,167.85095902152136,0.022817548729627105,0.8148148148148148,0.14516380700504355,0.17815558132437165,4,0.14285714285714285,NA,NA,NA,8,NA,,NA,NA,NA,NA,3,9,1,KIM,42.5259382,44,22.06456954,68.86659530499587,2,19,7.8,7.2,5.9,07/11/22
T234,2022-06-25,74,18,54,3,0.9074852129730301,0.30249507099101003,63,3.5,1.200490095997562,0.3429971702850177,7643.277777777777,411.5156784312978,0.05384020971051803,0.8787037037037038,0.131209252069406,0.1493213827554884,6,0.1111111111111111,NA,NA,NA,20,NA,,NA,NA,NA,NA,3,10,2,KIM,34.7880795,35,30.0700883,40.14899052984238,2,NA,NA,NA,NA,
T234,2022-06-27,66,14,54,3.857142857142857,1.7032612545052803,0.4415862511680356,76,5.428571428571429,2.953857600710421,0.5441316632887617,7803.857142857143,643.5378008313895,0.08246406732604256,0.7756519274376417,0.1575303869048471,0.2030941732140693,7,0.12962962962962962,NA,NA,NA,12,NA,,NA,NA,NA,NA,3,11,3,KIM,41.7682119,42,22.4486755,65.75545615591928,2,NA,NA,NA,NA,
T234,2022-06-29,37,9,25,2.7777777777777777,1.3017082793177757,0.46861498055439926,29,3.2222222222222223,1.6414763002993509,0.5094236794032468,8174.555555555556,486.0514661821089,0.059459069411031254,0.8915343915343915,0.1372207074379106,0.1539152148710095,4,0.16,NA,NA,NA,12,NA,,NA,NA,NA,NA,3,12,4,KIM,29.7826087,27,35.25027871,27.798259184043864,2,NA,NA,NA,NA,
T234,2022-07-01,77,21,58,2.761904761904762,1.2611408289624877,0.4566199553140042,64,3.0476190476190474,1.8296499795368095,0.6003538995355157,7692.190476190476,387.0055062977294,0.05031148246986627,1.0182539682539682,0.34947996135149634,0.3432149269702926,5,0.08620689655172414,NA,NA,NA,19,NA,,NA,NA,NA,NA,3,13,5,KIM,39.3620309,40,24.96799117,55.72780935688769,2,NA,NA,NA,NA,
T235,2022-02-13,72,19,59,3.1052631578947367,1.242521488394791,0.4001340386356107,58,3.0526315789473686,1.26814318375447,0.41542621536784363,2891.8947368421054,315.08868147393434,0.10895579201406384,1.055263157894737,0.26527720369797964,0.25138488130980613,8,0.13559322033898305,NA,NA,NA,13,NA,,NA,NA,NA,NA,1,1,1,KIM,40.48925,40,10.00806,71.13508464341366,4,NA,NA,NA,NA,NA
T235,2022-02-15,10,3,9,3,1,0.3333333333333333,7,2.3333333333333335,1.5275252316519468,0.6546536707079771,2514,157.3435731131081,0.06258694236798254,1.5,0.5,0.3333333333333333,0,0,NA,NA,NA,1,NA,,NA,NA,NA,NA,1,2,2,KIM,34.28763,35,11.46505,49.39586550675149,4,NA,NA,NA,NA,NA
T235,2022-02-17,203,47,188,4,1.7693034738587656,0.4423258684646914,181,3.851063829787234,1.693706039432788,0.43980212073669084,780.1276595744681,373.9037667997101,0.4792853608134614,1.0562647754137116,0.17958627612010852,0.17002013159983417,9,0.047872340425531915,NA,NA,NA,15,NA,,NA,NA,NA,NA,1,3,3,KIM,42.5,42,16.35484,73.80777318110154,4,NA,NA,NA,NA,NA
T235,2022-02-19,248,65,223,3.4307692307692306,1.4466473176066312,0.4216685006476728,199,3.0615384615384613,1.4238693220074117,0.4650829443742802,3062.646153846154,417.58675860417134,0.13634835290382943,1.1965567765567766,0.3350151637304741,0.2799826721925532,15,0.06726457399103139,NA,NA,NA,25,NA,,NA,NA,NA,NA,1,4,4,KIM,45.02451,44,9.519608,91.48504248955554,4,NA,NA,NA,NA,NA
T235,2022-02-21,319,74,294,3.972972972972973,1.6299674168772367,0.41026390764937254,254,3.4324324324324325,1.526757519309908,0.44480337176745355,2821.108108108108,505.6674842135811,0.17924427736755252,1.2085907335907335,0.27660455990365646,0.22886536543422098,12,0.04081632653061224,NA,NA,NA,25,NA,,NA,NA,NA,NA,1,5,5,KIM,26,27,19.01882,27.731196950118463,4,NA,NA,NA,NA,NA
T235,2022-05-05,80,16,70,4.375,1.746424919657298,0.399182838778811,64,4,1.7888543819998317,0.44721359549995793,3266.625,384.4495415525944,0.1176901363188595,1.2197916666666666,0.41442591930596306,0.33975139413640015,5,0.07142857142857142,NA,NA,NA,10,NA,,NA,NA,NA,NA,2,6,1,KIM,38.79508,40,23.6612,54.94006967945446,4,NA,NA,NA,NA,NA
T235,2022-05-07,119,25,102,4.08,1.8912077270005712,0.46353130563739486,95,3.8,1.8708286933869707,0.4923233403649923,2949.12,352.0140054031942,0.11936238789984611,1.1487619047619047,0.31901957351266486,0.27770730574390495,12,0.11764705882352941,NA,NA,NA,17,NA,,NA,NA,NA,NA,2,7,2,KIM,40.00546,40,21.61749,60.32698540102512,4,NA,NA,NA,NA,NA
T235,2022-05-09,27,7,20,2.857142857142857,1.0690449676496976,0.37416573867739417,21,3,1.4142135623730951,0.47140452079103173,3478.714285714286,124.02380723838775,0.03565219706249083,0.9761904761904762,0.0629940788348712,0.06453051978206317,2,0.1,NA,NA,NA,7,NA,,NA,NA,NA,NA,2,8,3,KIM,38.96995,40,22.58333,56.26049964383326,4,NA,NA,NA,NA,NA
T235,2022-06-24,77,23,62,2.6956521739130435,1.6904755277381045,0.6271118893222001,52,2.260869565217391,1.483772566018116,0.656284019584936,8328.608695652174,331.9706639736867,0.03985907804108831,1.326086956521739,0.4726837755739256,0.35645006026886195,6,0.0967741935483871,NA,NA,NA,15,NA,,NA,NA,NA,NA,3,9,1,KIM,38.8636865,40,22.88134658,55.71364265539138,3,17,8.2,7.9,6.6,07/11/22
T235,2022-06-26,0,0,0,0,NA,NA,NA,NA,NA,NA,NA,NA,NA,NA,NA,NA,NA,NA,NA,NA,NA,0,NA,NA,NA,NA,NA,NA,3,10,2,KIM,30.7291667,27,36.2308114,28.945462118230164,3,NA,NA,NA,NA,
T235,2022-06-28,96,27,82,3.037037037037037,1.7863043388188897,0.5881733798550003,80,2.962962962962963,1.9509658649673516,0.6584509794264812,8053.037037037037,434.43158985944643,0.0539463047123011,1.1530864197530863,0.421967234445088,0.36594588854445537,6,0.07317073170731707,NA,NA,NA,14,NA,,NA,NA,NA,NA,3,11,3,KIM,42.5469095,44,20.26655629,70.53574273457498,3,NA,NA,NA,NA,
T235,2022-06-30,195,57,167,2.9298245614035086,1.0996695789906137,0.3753363233680538,165,2.8947368421052633,1.2632753704771322,0.4364042188921002,7838.8421052631575,563.9425879300153,0.07194207771468861,Inf,NA,NA,15,0.08982035928143713,NA,NA,NA,28,NA,,NA,NA,NA,NA,3,12,4,KIM,33.8664459,35,29.19922737,38.55816174557979,3,NA,NA,NA,NA,
T235,2022-07-02,382,116,310,2.6724137931034484,1.0695457147695975,0.40021710617184936,294,2.5344827586206895,1.1679118078881203,0.4608087405272856,7999.275862068966,442.6557517334759,0.055336977917271823,Inf,NA,NA,40,0.12903225806451613,NA,NA,NA,72,NA,,NA,NA,NA,NA,3,13,5,KIM,39.9740044,42,24.95022124,57.661668688976285,3,NA,NA,NA,NA,
T236,2022-01-24,89,21,82,3.9047619047619047,1.445847914020071,0.37027812432221335,63,3,1.1832159566199232,0.3944053188733077,2464.809523809524,412.78149414037676,0.1674699363796664,1.3396825396825396,0.2383669085019627,0.17792790563535132,4,0.04878048780487805,NA,NA,NA,7,NA,,NA,NA,NA,NA,1,1,1,RAS,40,40,NA,NA,4,NA,NA,NA,NA,NA
T236,2022-01-26,187,50,166,3.32,1.4489968380692533,0.436444830743751,135,2.7,1.3286482312670196,0.49209193750630353,2571.82,537.2673750051254,0.208905512440655,1.3213333333333332,0.37713924962199596,0.28542324643440664,9,0.05421686746987952,NA,NA,NA,21,NA,,NA,NA,NA,NA,1,2,2,RAS,34.35215,35,11.69892,49.44785024945869,4,NA,NA,NA,NA,NA
T236,2022-01-28,202,55,179,3.2545454545454544,1.8877596148970779,0.5800378704991022,154,2.8,1.6032374653713561,0.5725848090611987,2738.8545454545456,542.6002013003483,0.1981120911297965,1.247012987012987,0.37704739602240794,0.3023604404678756,9,0.05027932960893855,NA,NA,NA,23,NA,,NA,NA,NA,NA,1,3,3,RAS,44.90323,44,11.10484,89.30059025976337,4,NA,NA,NA,NA,NA
T236,2022-01-30,124,37,111,3,1.4529663145135578,0.4843221048378526,99,2.675675675675676,1.313478292635712,0.49089592755072065,2433.837837837838,377.66692508916674,0.15517341345332883,1.1776705276705277,0.3464744107526876,0.29420317704479343,5,0.04504504504504504,NA,NA,NA,13,NA,,NA,NA,NA,NA,1,4,4,RAS,25.90591,27,11.54032,30.12004889105355,4,NA,NA,NA,NA,NA
T236,2022-02-01,147,44,135,3.0681818181818183,1.7440627158651825,0.5684352555412446,112,2.5454545454545454,1.2659135033191782,0.49732316201824855,2347.7727272727275,411.01671236526596,0.17506665257276433,1.2449675324675324,0.35218755576655736,0.2828889481708167,6,0.044444444444444446,NA,NA,NA,12,NA,,NA,NA,NA,NA,1,5,5,RAS,38.42473,42,10,63.44863822813785,4,NA,NA,NA,NA,NA
T236,2022-04-11,169,42,141,3.357142857142857,1.8054312176134268,0.5377880222678293,104,2.4761904761904763,1.5339745162460983,0.6194897084840012,2455.4523809523807,552.407952927551,0.22497196737054703,1.4985260770975057,0.42891970375267674,0.2862277208972239,10,0.07092198581560284,NA,NA,NA,28,NA,,NA,NA,NA,NA,2,6,1,KIM,38.7035519,40,15.71721,60.34890343294411,4,NA,NA,NA,NA,NA
T236,2022-04-13,232,48,219,4.5625,2.6650316352758887,0.5841165228001948,176,3.6666666666666665,2.2815945649622433,0.622253063171521,2704.2708333333335,553.2483471274819,0.2045831875668821,1.3598379629629629,0.3679426063485872,0.27057827209565016,7,0.0319634703196347,NA,NA,NA,13,NA,,NA,NA,NA,NA,2,7,2,KIM,38.6694,40,24.0929,54.248365938998575,4,NA,NA,NA,NA,NA
T236,2022-04-15,181,35,156,4.457142857142857,2.266674905241248,0.5085488569451517,132,3.7714285714285714,2.101620023384122,0.5572477334730626,2483.6857142857143,572.3375583274864,0.23043880110736373,1.2985714285714285,0.3695649892948803,0.2845935011071686,9,0.057692307692307696,NA,NA,NA,25,NA,,NA,NA,NA,NA,2,8,3,KIM,38.19399,40,21.26913,54.793513881222374,4,NA,NA,NA,NA,NA
T236,2022-06-06,197,43,189,4.395348837209302,2.691605423602736,0.6123758371159664,166,3.86046511627907,2.773869528198549,0.7185324681478168,7920.418604651163,627.9938668398623,0.07928796420824034,1.2347822074566261,0.32607344301022506,0.2640736488112046,6,0.031746031746031744,NA,NA,NA,8,NA,,NA,NA,NA,NA,3,9,1,KIM,26.1539735,27,41.71081678,20.147355098832016,4,16.5,8.7,7.8,6.6,06/23/22
T236,2022-06-08,53,9,33,3.6666666666666665,2.0615528128088303,0.5622416762205901,30,3.3333333333333335,1.4142135623730951,0.4242640687119285,7693.111111111111,475.65046106475194,0.061828102336618146,1.087037037037037,0.2778610986148597,0.2556132764088999,1,0.030303030303030304,NA,NA,NA,20,NA,,NA,NA,NA,NA,3,10,2,KIM,39.9845475,42,26.37251656,56.601860740590475,4,NA,NA,NA,NA,
T236,2022-06-10,47,9,38,4.222222222222222,2.279132388529557,0.5397945130727898,35,3.888888888888889,1.964971020425266,0.5052782623950683,7631.444444444444,477.7784819116258,0.06260655966111894,1.0629629629629629,0.09493337494797256,0.08931014367927732,3,0.07894736842105263,NA,NA,NA,9,NA,,NA,NA,NA,NA,3,11,3,KIM,41.2759382,44,22.04801325,64.33897176000875,4,NA,NA,NA,NA,
T236,2022-06-12,189,34,184,5.411764705882353,3.6191213319929294,0.668750680911737,164,4.823529411764706,3.233073293841505,0.6702712926256779,8018.970588235294,528.0720500252075,0.06585284784557596,1.1757278669043374,0.298164301959851,0.2535997575228954,2,0.010869565217391304,NA,NA,NA,5,NA,,NA,NA,NA,NA,3,12,4,KIM,33.4111479,35,30.92660044,36.644511071661995,4,NA,NA,NA,NA,
T236,2022-06-14,217,36,210,5.833333333333333,3.880353444873657,0.665203447692627,179,4.972222222222222,3.0658125104458605,0.616587990927659,8119.416666666667,569.0652172014834,0.07008695828331059,1.1631940590273924,0.28191066726845543,0.24235910171702196,5,0.023809523809523808,NA,NA,NA,7,NA,,NA,NA,NA,NA,3,13,5,KIM,38.2891832,40,32.61699779,47.14590766494032,4,NA,NA,NA,NA,
T237,2022-02-23,71,16,67,4.1875,2.9488698400121582,0.7042077229879781,65,4.0625,2.694902595642373,0.6633606389273534,2246.9375,578.3821653255455,0.2574091025342474,1.0177083333333332,0.10549157417643468,0.10365599919076489,3,0.04477611940298507,NA,NA,NA,4,NA,,NA,NA,NA,NA,1,1,1,KIM,40.83333,40,20.37634,64.14193832721028,2,NA,NA,NA,NA,NA
T237,2022-02-25,78,19,74,3.8947368421052633,1.9406395521438362,0.4982723174423363,67,3.526315789473684,1.6454793645565071,0.4666284765160244,2218.0526315789475,366.2891198196387,0.1651399586306892,1.107017543859649,0.23605004370239763,0.21323062584844163,2,0.02702702702702703,NA,NA,NA,4,NA,,NA,NA,NA,NA,1,2,2,KIM,45.16667,44,16.58871,84.98113550202173,2,NA,NA,NA,NA,NA
T237,2022-02-27,95,23,89,3.869565217391304,1.6321861476416715,0.42180091455908364,95,4.130434782608695,1.866068980165304,0.45178512151370526,2342.695652173913,555.9266984694531,0.2373021429196656,0.9546583850931677,0.08998063839491403,0.09425427964594119,2,0.02247191011235955,NA,NA,NA,6,NA,,NA,NA,NA,NA,1,3,3,KIM,35.80376,35,17.84409,49.97646222390262,2,NA,NA,NA,NA,NA
T237,2022-03-01,123,36,118,3.2777777777777777,1.7826322609494583,0.5438539101201737,115,3.1944444444444446,1.8018949461123968,0.5640714613917068,2590.8888888888887,669.9225020330028,0.25856859586143865,1.0592592592592593,0.2502203614354674,0.2362220195369797,3,0.025423728813559324,NA,NA,NA,5,NA,,NA,NA,NA,NA,1,4,4,KIM,27.31989,27,20.89785,29.330368111245065,2,NA,NA,NA,NA,NA
T237,2022-03-03,77,21,73,3.4761904761904763,2.315578709935113,0.666125382310101,72,3.4285714285714284,2.2038926600773587,0.6428020258558963,2274.809523809524,417.3798772159026,0.18347904422210032,1.038548752834467,0.23895395035405192,0.23008448058108497,4,0.0547945205479452,NA,NA,NA,4,NA,,NA,NA,NA,NA,1,5,5,KIM,42.57527,42,13.85484,76.32538025808458,2,NA,NA,NA,NA,NA
T237,2022-05-24,169,40,156,3.9,1.9845557534273353,0.5088604495967527,137,3.425,1.865853760724633,0.544774820649528,2461.1,459.25255886114866,0.18660459098010998,1.2191964285714285,0.3314577649113888,0.2718657610404654,2,0.01282051282051282,NA,NA,NA,13,NA,,NA,NA,NA,NA,2,6,1,KIM,38.41803,40,24.12432,53.47121184803842,2,NA,NA,NA,NA,NA
T237,2022-05-26,108,32,106,3.3125,1.3545026464923717,0.4089064593184518,103,3.21875,1.3850439611050431,0.43030491995496484,2584.375,618.445540930464,0.2393017812548349,1.0859375,0.2959435846352111,0.2725235887288275,1,0.009433962264150943,NA,NA,NA,2,NA,,NA,NA,NA,NA,2,7,2,KIM,38.79098,40,25.56011,53.56122219326555,2,NA,NA,NA,NA,NA
T237,2022-05-28,127,33,124,3.757575757575758,1.8545603089125842,0.4935523402751232,127,3.8484848484848486,1.6978149950968622,0.4411645262850114,2777.7272727272725,515.7463204381147,0.1856720512131979,0.9689754689754689,0.14121010469499778,0.14573135153184433,1,0.008064516129032258,NA,NA,NA,3,NA,,NA,NA,NA,NA,2,8,3,KIM,38.02186,40,25.29918,51.490810526665875,2,NA,NA,NA,NA,NA
T237,2022-06-23,106,29,102,3.5172413793103448,1.8248422564933506,0.5188277003755605,99,3.413793103448276,1.6586836730050718,0.4858770355267382,7808.517241379311,477.19624749225517,0.06111227429498028,1.0264367816091955,0.1607883991717763,0.15664715260856144,1,0.00980392156862745,NA,NA,NA,4,NA,,NA,NA,NA,NA,3,9,1,KIM,33.7372506,35,31.1075388,37.2412461611992,6,19.5,8.4,7.5,6.4,07/11/22
T237,2022-06-25,74,20,71,3.55,2.0384462607326044,0.5742102142908745,78,3.9,1.99736668746891,0.5121453044792077,7517.4,380.0121050703517,0.05055100235059352,0.92,0.20265777912184002,0.2202801946976522,3,0.04225352112676056,NA,NA,NA,3,NA,,NA,NA,NA,NA,3,10,2,KIM,40.4761905,42,24.94850498,59.28260147496186,6,NA,NA,NA,NA,
T237,2022-06-27,150,36,144,4,1.4928400545843579,0.37321001364608947,145,4.027777777777778,1.5021149111666545,0.3729388744965487,7950.472222222223,541.3992182226194,0.06809648572940914,1.0074404761904763,0.1758774971135583,0.1745785495720992,2,0.013888888888888888,NA,NA,NA,6,NA,,NA,NA,NA,NA,3,11,3,KIM,29.4619205,27,38.01821192,26.11043359038442,6,NA,NA,NA,NA,
T237,2022-06-29,77,16,76,4.75,2.04939015319192,0.43145055856672,75,4.6875,2.1203380233664,0.4523387783181654,8032.1875,534.960337314833,0.06660207288672396,1.0364583333333333,0.16377703339194621,0.15801603221735516,1,0.013157894736842105,NA,NA,NA,1,NA,,NA,NA,NA,NA,3,12,4,KIM,42.3411633,44,21.86577181,68.3518642102832,6,NA,NA,NA,NA,
T237,2022-07-01,151,39,149,3.8205128205128207,1.4845129428411488,0.3885637904080859,138,3.5384615384615383,1.4481595188040695,0.4092624727054979,8021.076923076923,585.6375017028962,0.07301232830943141,1.1040598290598291,0.20842867813749968,0.18878386175411235,1,0.006711409395973154,NA,NA,NA,2,NA,,NA,NA,NA,NA,3,13,5,KIM,38.2262693,40,26.44370861,51.28463078689203,6,NA,NA,NA,NA,
T243,2022-01-24,0,0,0,0,NA,NA,NA,NA,NA,NA,NA,NA,NA,NA,NA,NA,NA,NA,NA,NA,NA,0,NA,NA,NA,NA,NA,NA,1,1,1,RAS,34.77419,35,14.30376,49.16191813818644,6,NA,NA,NA,NA,NA
T243,2022-01-26,35,6,31,5.166666666666667,3.2506409624359724,0.6291563153101882,27,4.5,3.0166206257996713,0.6703601390665936,3279.6666666666665,435.2248461044781,0.1327039880387676,1.2506613756613756,0.37901638243931673,0.3030527605754875,2,0.06451612903225806,NA,NA,NA,4,NA,,NA,NA,NA,NA,1,2,2,RAS,44.76075,44,9.153226,90.56715597278358,6,NA,NA,NA,NA,NA
T243,2022-01-28,115,24,112,4.666666666666667,2.140025734641417,0.4585769431374465,100,4.166666666666667,1.9927404479142845,0.47825770749942825,2950.7916666666665,454.9230206421136,0.15416982018117634,1.1503968253968253,0.22250142669105671,0.1934127613871897,3,0.026785714285714284,NA,NA,NA,3,NA,,NA,NA,NA,NA,1,3,3,RAS,44.76075,42,9.153226,90.56715597278358,6,NA,NA,NA,NA,NA
T243,2022-01-30,172,37,165,4.45945945945946,2.5231659411077914,0.565800847399929,154,4.162162162162162,2.1796216989997945,0.5236753432661844,2834.9189189189187,557.1244314622471,0.19652217484749213,1.0673530673530673,0.2245377412431907,0.21036875998306975,4,0.024242424242424242,NA,NA,NA,7,NA,,NA,NA,NA,NA,1,4,4,RAS,41.29032,40,7.989247,76.00247244097399,6,NA,NA,NA,NA,NA
T243,2022-02-01,85,24,85,3.5416666666666665,1.6934443076725039,0.47814898098988345,NA,NA,NA,NA,NA,NA,NA,NA,NA,NA,NA,NA,NA,NA,NA,0,NA,NA,NA,NA,NA,NA,1,5,5,RAS,26.55108,27,16.5,29.561814293730414,6,NA,NA,NA,NA,NA
T243,2022-04-11,241,48,238,4.958333333333333,3.05243769576462,0.6156176865407638,207,4.3125,2.889130399979396,0.6699432811546425,2931.4791666666665,407.3635518631052,0.13896177618970124,1.271114417989418,0.3519878531417762,0.2769128004216427,2,0.008403361344537815,NA,NA,NA,3,NA,,NA,NA,NA,NA,2,6,1,KIM,38.75546448,40,16.43169,60.01055529525725,6,NA,NA,NA,NA,NA
T243,2022-04-13,280,54,267,4.944444444444445,2.9230164483342724,0.5911718659552461,238,4.407407407407407,2.688329203494094,0.6099570461709288,2747.962962962963,546.4448033705489,0.1988545008559178,1.1584155042488375,0.23139710376646402,0.19975311355704883,7,0.026217228464419477,NA,NA,NA,13,NA,,NA,NA,NA,NA,2,7,2,KIM,38.47951,40,25.05874,52.9941637881893,6,NA,NA,NA,NA,NA
T243,2022-04-15,227,44,217,4.931818181818182,3.157845359578358,0.640300441573492,187,4.25,2.796384709202306,0.6579728727534837,2659.7045454545455,519.0713792177762,0.19516129342444183,1.3156303292666929,1.2042503037092762,0.915340941083733,7,0.03225806451612903,NA,NA,NA,10,NA,,NA,NA,NA,NA,2,8,3,KIM,37.53415,40,22.84016,51.75206914188115,6,NA,NA,NA,NA,NA
T243,2022-07-12,139,27,127,4.703703703703703,2.8931592369536747,0.6150810976200727,113,4.185185185185185,2.542515971314136,0.6075038161547051,8046,521.8454678424373,0.06485775140969889,Inf,NA,NA,6,0.047244094488188976,NA,NA,NA,12,NA,,NA,NA,NA,NA,3,9,1,KIM,39.3647903,40,24.3714128,56.17949781352832,2,20,8,7.2,6.9,07/20/22
T243,2022-07-14,119,21,102,4.857142857142857,3.453776401067595,0.711071611984505,97,4.619047619047619,3.106061661915141,0.6724463391775047,8031.238095238095,484.3603931745353,0.06030955469515014,1.0712585034013606,0.29717974380764184,0.2774117945053078,8,0.0784313725490196,NA,NA,NA,17,NA,,NA,NA,NA,NA,3,10,2,KIM,42.4873068,44,21.73565121,69.01214812251496,2,NA,NA,NA,NA,
T243,2022-07-16,204,50,172,3.44,1.8861471364684579,0.5482985861826912,159,3.18,1.8592295968700452,0.5846633952421525,8052.08,476.6666503020786,0.05919795261622818,1.1733333333333333,0.3592354470777246,0.3061665742139698,15,0.0872093023255814,NA,NA,NA,32,NA,,NA,NA,NA,NA,3,11,3,KIM,41.25883,42,22.35761589,64.02339021690695,2,NA,NA,NA,NA,
T243,2022-07-18,82,14,58,4.142857142857143,2.5677629550654775,0.6198048512227013,56,4,2.4178820993079553,0.6044705248269888,7934.428571428572,501.08846359864276,0.06315369268091138,1.0488095238095239,0.17546815106757135,0.16730220987146416,8,0.13793103448275862,NA,NA,NA,24,NA,,NA,NA,NA,NA,3,12,4,KIM,34.0121413,35,29.93708609,38.47698787965348,2,NA,NA,NA,NA,
T243,2022-07-20,58,12,41,3.4166666666666665,1.8319554050414562,0.5361820697682311,43,3.5833333333333335,2.0207259421636903,0.5639235187433554,7904.666666666667,568.1298400467231,0.07187271317112967,1.0228174603174602,0.32860194715745106,0.3212713508581093,7,0.17073170731707318,NA,NA,NA,17,NA,,NA,NA,NA,NA,3,13,5,KIM,28.7450331,27,38.92384106,24.658192012269176,2,NA,NA,NA,NA,
T244,2022-02-03,61,14,61,4.357142857142857,1.9456912102680337,0.4465520810451225,55,3.9285714285714284,1.7743595036946849,0.4516551463950107,2609.5,594.7279597882095,0.2279087793785053,1.1256802721088435,0.18177511674512348,0.1614802366613274,0,0,NA,NA,NA,0,NA,,NA,NA,NA,NA,1,1,1,KIM,42.61559,42,16.16667,74.43998027771376,6,NA,NA,NA,NA,NA
T244,2022-02-05,40,8,40,5,2.5071326821120348,0.501426536422407,36,4.5,2.138089935299395,0.4751310967331989,2270,563.6125822381389,0.24828748116217572,1.101388888888889,0.1773245711325333,0.16100087164618407,0,0,NA,NA,NA,0,NA,,NA,NA,NA,NA,1,2,2,KIM,41.24731,40,10.04839,74.12668533599488,6,NA,NA,NA,NA,NA
T244,2022-02-07,35,8,35,4.375,2.326094212561969,0.5316786771570214,31,3.875,2.100170061141308,0.5419793706171118,2228.625,553.6566593373292,0.2484297086038832,1.1447916666666667,0.18861112572176578,0.16475585140390822,0,0,NA,NA,NA,0,NA,,NA,NA,NA,NA,1,3,3,KIM,35.35753,35,13.29839,51.420957556589286,6,NA,NA,NA,NA,NA
T244,2022-02-09,41,9,41,4.555555555555555,1.8782379449307742,0.4122961342530968,39,4.333333333333333,1.7320508075688772,0.39970403251589476,2427.4444444444443,490.46587830121047,0.2020503000279624,1.0462962962962963,0.09419902754340652,0.09003092897953897,0,0,NA,NA,NA,0,NA,,NA,NA,NA,NA,1,4,4,KIM,26.5,27,19.46774,28.423425460238793,6,NA,NA,NA,NA,NA
T244,2022-02-11,73,16,73,4.5625,1.75,0.3835616438356164,70,4.375,1.6683325008322931,0.3813331430473813,2510.875,704.3941959821456,0.2805373409596836,1.0526785714285714,0.16145332722105263,0.1533738138147404,0,0,NA,NA,NA,0,NA,,NA,NA,NA,NA,1,5,5,KIM,44.47312,44,10.56452,87.79502199906061,6,NA,NA,NA,NA,NA
T244,2022-04-23,55,12,53,4.416666666666667,1.8319554050414562,0.41478235585844286,50,4.166666666666667,1.80067327475704,0.4321615859416896,2511.6666666666665,544.0241193405329,0.21659885308846702,1.1017857142857141,0.2519827067031135,0.2287039153221128,2,0.03773584905660377,NA,NA,NA,2,NA,,NA,NA,NA,NA,2,6,1,KIM,40,40,NA,NA,4,NA,NA,NA,NA,NA
T244,2022-04-25,112,27,110,4.074074074074074,1.7080336405875962,0.41924462087150083,99,3.6666666666666665,1.4142135623730951,0.38569460791993504,2588.185185185185,506.07806003521125,0.19553394514890604,1.1083774250440916,0.17755433222149283,0.16019302469502178,1,0.00909090909090909,NA,NA,NA,2,NA,,NA,NA,NA,NA,2,7,2,KIM,39.21995,40,22.61202,57.02626267244397,4,NA,NA,NA,NA,NA
T244,2022-04-27,51,12,49,4.083333333333333,1.2401124093721456,0.3037009982135867,42,3.5,1.087114613009218,0.3106041751454908,2446.0833333333335,650.5774299991066,0.26596699349263375,1.1805555555555556,0.17707404907331523,0.14999213568563172,1,0.02040816326530612,NA,NA,NA,2,NA,,NA,NA,NA,NA,2,8,3,KIM,36.87158,40,18.93989,52.37942856903478,4,NA,NA,NA,NA,NA
T244,2022-06-23,67,18,66,3.6666666666666665,1.3284223283101428,0.36229699863003895,59,3.2777777777777777,1.0740552924509195,0.3276778858324839,7807.666666666667,654.1978473897723,0.08378916202746517,1.1157407407407407,0.16204092743540105,0.14523170259770385,1,0.015151515151515152,NA,NA,NA,1,NA,,NA,NA,NA,NA,3,9,1,KIM,41.0702434,44,22.43307522,63.30319956335863,4,18.5,8.7,7.7,7,07/11/22
T244,2022-06-25,128,30,128,4.266666666666667,2.3034207445529313,0.5398642370045933,115,3.8333333333333335,2.0692049669866686,0.5397926000834787,7810.366666666667,530.5310601153587,0.06792652416429772,1.1308477633477634,0.22098674218599557,0.1954168804577073,0,0,NA,NA,NA,0,NA,NA,NA,NA,NA,NA,3,10,2,KIM,38.0557395,40,26.29359823,50.90173818963794,4,NA,NA,NA,NA,
T244,2022-06-27,77,18,77,4.277777777777778,0.7519039015221181,0.17576974321296265,67,3.7222222222222223,0.6691131580686884,0.1797617439587521,8093.055555555556,481.6584672617801,0.05951503285197901,1.162037037037037,0.16035148847066158,0.1379917191620036,0,0,NA,NA,NA,0,NA,,NA,NA,NA,NA,3,11,3,KIM,33.6307947,35,30.51766004,37.33076151025303,4,NA,NA,NA,NA,
T244,2022-06-29,82,17,82,4.823529411764706,1.4677914581799016,0.30429822913485766,73,4.294117647058823,1.3585242858683528,0.3163686693118082,7821.35294117647,505.08241173798444,0.06457737114494812,1.1427170868347338,0.16115563426508595,0.14102846288181317,0,0,NA,NA,NA,0,NA,,NA,NA,NA,NA,3,12,4,KIM,29.7254464,27,35.53348214,27.583428651924777,4,NA,NA,NA,NA,
T244,2022-07-01,81,16,81,5.0625,2.9769951293208394,0.5880484206065856,72,4.5,2.6331223544175333,0.5851383009816741,7875.8125,531.0357450304076,0.06742615381338847,1.1444444444444444,0.18746741829398167,0.16380648200445,0,0,NA,NA,NA,0,NA,,NA,NA,NA,NA,3,13,5,KIM,39.6743929,42,24.13852097,57.32754691905897,4,NA,NA,NA,NA,
T246,2022-02-03,0,0,0,0,NA,NA,NA,NA,NA,NA,NA,NA,NA,NA,NA,NA,NA,NA,NA,NA,NA,0,NA,NA,NA,NA,NA,NA,1,1,1,RAS,39.97043,40,16.90591,63.829605653235355,4,NA,NA,NA,NA,NA
T246,2022-02-05,0,0,0,0,NA,NA,NA,NA,NA,NA,NA,NA,NA,NA,NA,NA,NA,NA,NA,NA,NA,0,NA,NA,NA,NA,NA,NA,1,2,2,RAS,25.70699,27,16.69086,28.026379496023363,4,NA,NA,NA,NA,NA
T246,2022-02-07,114,37,111,3,0.8498365855987975,0.28327886186626583,106,2.864864864864865,0.8219949365267865,0.28692276086312357,2901.162162162162,469.41420429637105,0.16180212551322146,1.072972972972973,0.22454863338578146,0.20927706386080389,1,0.009009009009009009,NA,NA,NA,3,NA,,NA,NA,NA,NA,1,3,3,RAS,40.73118,42,10.74462,71.49834229958287,4,NA,NA,NA,NA,NA
T246,2022-02-09,72,23,69,3,1,0.3333333333333333,66,2.869565217391304,1.0576280419404613,0.3685673479489487,2617.2608695652175,724.892482146102,0.27696607952822144,Inf,NA,NA,0,0,NA,NA,NA,3,NA,,NA,NA,NA,NA,1,4,4,RAS,45.64785,44,9.204301,94.91129341222921,4,NA,NA,NA,NA,NA
T246,2022-02-11,45,14,44,3.142857142857143,0.8644378215075664,0.2750483977524075,40,2.857142857142857,0.7703288865196433,0.2696151102818751,3204.285714285714,270.90657730364103,0.08454507539569715,1.119047619047619,0.22340193577591244,0.1996357723954962,0,0,NA,NA,NA,1,NA,,NA,NA,NA,NA,1,5,5,RAS,34.26882,35,13.70161,48.096153240869434,4,NA,NA,NA,NA,NA
T247,2022-01-24,29,6,23,3.8333333333333335,3.0605010483034745,0.7983915778182976,23,3.8333333333333335,3.600925806881706,0.9393719496213145,2832,679.4521322359656,0.2399195382189144,1.1515151515151516,0.41725853280141834,0.3623560942749159,1,0.043478260869565216,NA,NA,NA,6,NA,,NA,NA,NA,NA,1,1,1,RAS,45.32258,44,9.865591,92.59901609524803,2,NA,NA,NA,NA,NA
T247,2022-01-26,62,15,40,2.6666666666666665,1.2344267996967353,0.46291004988627577,39,2.6,1.3522468075656264,0.5200949259867794,2411.9333333333334,651.4801243176589,0.2701070196734261,1.1222222222222222,0.39069873642680575,0.34814738889517344,2,0.05,NA,NA,NA,22,NA,,NA,NA,NA,NA,1,2,2,RAS,36,35,11.1371,54.66138688005876,2,NA,NA,NA,NA,NA
T247,2022-01-28,119,28,77,2.75,1.2056963563450391,0.4384350386709233,68,2.4285714285714284,1.3173646934124716,0.5424442855227825,2865.1785714285716,667.1418891544364,0.2328447852455496,1.2380952380952381,0.3913377169412172,0.3160804636832908,2,0.025974025974025976,NA,NA,NA,42,NA,,NA,NA,NA,NA,1,3,3,RAS,43.42204,42,10.53226,82.99176929117279,2,NA,NA,NA,NA,NA
T247,2022-01-30,159,48,129,2.6875,1.1514329647619204,0.428440172934668,123,2.5625,1.1833283388167497,0.46178666880653646,2733.9166666666665,564.8985912884864,0.2066261192874032,1.1135416666666667,0.3319235480133465,0.29807914508214467,10,0.07751937984496124,NA,NA,NA,30,NA,,NA,NA,NA,NA,1,4,4,RAS,27.1828,27,10.63978,32.86242508277273,2,NA,NA,NA,NA,NA
T247,2022-02-01,174,55,174,3.1636363636363636,5.445907863516648,1.7214076580081357,NA,NA,NA,NA,NA,NA,NA,NA,NA,NA,NA,NA,NA,NA,NA,0,NA,NA,NA,NA,NA,NA,1,5,5,RAS,41.45699,40,9.422043,75.50491260160402,2,NA,NA,NA,NA,NA
T247,2022-04-11,63,13,54,4.153846153846154,2.9677756498246812,0.714464508291127,52,4,2.70801280154532,0.67700320038633,2616.6923076923076,599.0417882773824,0.22893092417338304,1.0213675213675213,0.07384557884985071,0.07230069226303376,3,0.05555555555555555,NA,NA,NA,9,NA,Sang more at the beginning of the trial/before the trial,NA,NA,NA,NA,2,6,1,KIM,39.467213,40,15.61475,63.04123467047879,2,NA,NA,NA,NA,NA
T247,2022-04-13,80,20,62,3.1,1.8035053587243284,0.5817759221691382,55,2.75,1.7733405882980469,0.6448511230174716,2458.85,697.8241578386047,0.2838010280572645,1.2333333333333334,0.4015685619436866,0.3255961313056918,2,0.03225806451612903,NA,NA,NA,18,NA,,NA,NA,NA,NA,2,7,2,KIM,38.75956,40,24.4153,54.289889180203595,2,NA,NA,NA,NA,NA
T247,2022-04-15,85,18,70,3.888888888888889,2.8674417556808756,0.7373421657465109,61,3.388888888888889,2.61531437518432,0.7717321107101273,2340.0555555555557,459.77084729911246,0.19647860334237136,1.227801827801828,0.3668117239735519,0.2987548280737344,1,0.014285714285714285,NA,NA,NA,15,NA,,NA,NA,NA,NA,2,8,3,KIM,39.06011,40,20.83607,57.81932897611615,2,NA,NA,NA,NA,NA
T247,2022-06-06,185,44,145,3.2954545454545454,2.2781014683747993,0.6912859628171805,137,3.1136363636363638,2.334930994358158,0.74990484490335,7997.113636363636,588.5184874260818,0.07359136235729255,1.2269398530762168,0.45985707053251657,0.3748000110841216,10,0.06896551724137931,NA,NA,NA,40,NA,,NA,NA,NA,NA,3,9,1,KIM,39.4045254,40,23.87969095,56.66950349748702,2,16.5,8.5,7.3,6.4,06/23/22
T247,2022-06-08,98,32,98,3.0625,2.1241696669978007,0.6936064218768329,88,2.75,2.079081683138325,0.7560297029593909,7904.8125,536.6047044808382,0.06788329318131685,1.2213541666666667,0.3944958303017258,0.3229987182001337,4,0.04081632653061224,NA,NA,NA,0,FALSE,NA,NA,NA,NA,NA,3,10,2,KIM,40.9321192,42,25.97406181,59.95708425451985,2,NA,NA,NA,NA,
T247,2022-06-10,86,16,74,4.625,2.84897642437888,0.6159949025684065,66,4.125,2.526525941551627,0.6124911373458489,7899.8125,469.64670675590463,0.059450361227675295,1.1854166666666668,0.33193456517144393,0.2800150989143991,1,0.013513513513513514,NA,NA,NA,12,NA,,NA,NA,NA,NA,3,11,3,KIM,34.5518764,35,28.36203091,40.57798573361155,2,NA,NA,NA,NA,
T247,2022-06-12,57,13,49,3.769230769230769,3.0318818730794397,0.8043768234700555,45,3.4615384615384617,2.904461643041174,0.8390666968785614,7987.923076923077,583.3507323412537,0.07302908737648467,1.1897435897435897,0.40239666614309433,0.33822133576682495,1,0.02040816326530612,NA,NA,NA,8,NA,,NA,NA,NA,NA,3,12,4,KIM,42.6594923,44,21.36699779,69.98904739268623,2,NA,NA,NA,NA,
T247,2022-06-14,111,30,100,3.3333333333333335,2.154919525392895,0.6464758576178685,92,3.066666666666667,1.9286109586656033,0.6288948778257402,7638.8,443.62397870579383,0.05807508754068621,1.127579365079365,0.30277021402301757,0.2685134398514884,0,0,NA,NA,NA,11,NA,,NA,NA,NA,NA,3,13,5,KIM,31.9045254,27,41.81898455,28.286486672403285,2,NA,NA,NA,NA,
T247,2022-06-16,109,25,99,3.96,2.745906043549196,0.6934106170578778,90,3.6,2.614064523559687,0.7261290343221353,7652.52,489.7033217503566,0.06399242625309788,1.1946666666666668,0.3665946899051685,0.30685939445187094,3,0.030303030303030304,NA,NA,NA,10,NA,,NA,NA,NA,NA,3,14,6,KIM,30.9961369,27,36.87748344,29.103771713840793,2,NA,NA,NA,NA,
T257,2022-07-11,175,47,99,2.106382978723404,0.3749807272259927,0.17802115332951168,122,2.595744680851064,0.7119958007962732,0.2742934642411872,8203.127659574468,505.7601088426975,0.061654545660079794,0.8468085106382979,0.16888517301742295,0.19943726461856479,15,0.15151515151515152,NA,NA,NA,76,NA,,NA,NA,NA,NA,3,1,1,KIM,31.2292359,27,30.86378738,32.314246545796614,1,15,8.6,7.5,6.3,07/20/22
T257,2022-07-13,162,41,86,2.097560975609756,0.30040622902833486,0.14321692314141546,107,2.6097560975609757,0.8330080666022329,0.319190006828893,8063.878048780488,457.84845719527937,0.05677770105470785,0.866260162601626,0.25291324283454203,0.29195991429984675,11,0.12790697674418605,NA,NA,NA,76,NA,,NA,NA,NA,NA,3,2,2,KIM,34.1230684,35,27.02041943,40.33472803179081,1,NA,NA,NA,NA,
T257,2022-07-15,320,84,190,2.261904761904762,0.4937939577882008,0.21830890765373087,243,2.892857142857143,0.7917931022024333,0.27370625755145844,8182.238095238095,430.56098511681466,0.05262141972712733,0.810515873015873,0.16170899048324697,0.19951366267700482,25,0.13157894736842105,NA,NA,NA,130,NA,,NA,NA,NA,NA,3,3,3,KIM,41.4839956,42,19.44039735,67.25302513838241,1,NA,NA,NA,NA,
T257,2022-07-17,247,62,138,2.225806451612903,0.4215255214142982,0.18938103136004705,188,3.032258064516129,0.9227141350027631,0.30429934239452827,8165.145161290323,391.61171162405384,0.047961390016753626,0.7723502304147465,0.16728743257330617,0.21659530351078427,17,0.12318840579710146,NA,NA,NA,109,NA,,NA,NA,NA,NA,3,4,4,KIM,42.8068433,44,18.46357616,73.15616278044888,1,NA,NA,NA,NA,
T257,2022-07-19,245,73,160,2.191780821917808,0.396426196247848,0.18086945203808064,204,2.7945205479452055,0.5517372590682453,0.1974353917254015,7887.424657534247,381.6014106443841,0.048380989640245856,0.8047945205479452,0.1609069456386013,0.19993543883604928,7,0.04375,NA,NA,NA,85,NA,,NA,NA,NA,NA,3,5,5,KIM,38.8427152,40,25.66335541,53.64117290441489,1,NA,NA,NA,NA,
T258,2022-07-12,71,24,57,2.375,0.6468989572333266,0.2723785083087691,71,2.9583333333333335,1.3014763077790332,0.43993565333375767,8420.166666666666,350.1200622229673,0.04158113207058063,0.8645833333333334,0.1993535749016981,0.23057762880196406,9,0.15789473684210525,NA,NA,NA,14,NA,,NA,NA,NA,NA,3,1,1,KIM,33.7229581,35,31.09988962,37.21477455080794,6,15,8.5,7.6,6.5,07/20/22
T258,2022-07-14,45,14,35,2.5,1.0190493307301363,0.4076197322920545,43,3.0714285714285716,0.9972489631508746,0.3246857089328429,7901,614.9866790302171,0.07783656233770626,0.8226190476190476,0.19211009384279673,0.23353470163234336,3,0.08571428571428572,NA,NA,NA,10,NA,,NA,NA,NA,NA,3,2,2,KIM,39.1363135,40,25.17715232,54.880571495653406,6,NA,NA,NA,NA,
T258,2022-07-16,20,7,16,2.2857142857142856,0.4879500364742666,0.21347814095749165,17,2.4285714285714284,0.7867957924694432,0.32397473807565313,8263.285714285714,546.5063934623621,0.06613669336370062,0.9880952380952381,0.26539877154295183,0.2685963471037103,4,0.25,NA,NA,NA,4,NA,,NA,NA,NA,NA,3,3,3,KIM,29.6451435,27,36.96743929,26.842258761367066,6,NA,NA,NA,NA,
T258,2022-07-18,29,11,25,2.272727272727273,0.46709936649691375,0.20552372125864204,32,2.909090909090909,0.8312094145936335,0.2857282362665615,7932,780.821362412684,0.09843940524617802,0.8106060606060606,0.15406937962286257,0.19006689822633516,3,0.12,NA,NA,NA,4,NA,,NA,NA,NA,NA,3,4,4,KIM,40.6830752,42,23.80088496,60.87832019305031,6,NA,NA,NA,NA,
T258,2022-07-22,1,0,0,0,NA,NA,NA,NA,NA,NA,NA,NA,NA,NA,NA,NA,NA,NA,NA,NA,NA,1,NA,,NA,NA,NA,NA,3,5,5,KIM,44.833333,44,21.0378,79.02592258077833,6,NA,NA,NA,NA,
T259,2022-07-12,7,1,3,3,NA,NA,3,3,NA,NA,8876,NA,NA,1,NA,NA,1,0.3333333333333333,NA,NA,NA,4,NA,,NA,NA,NA,NA,3,1,1,KIM,33.2836645,35,30.63300221,36.530740648108484,4,16,8.7,7.3,6.2,07/20/22
T259,2022-07-14,0,0,0,0,NA,NA,NA,NA,NA,NA,NA,NA,NA,NA,NA,NA,NA,NA,NA,NA,NA,0,NA,NA,NA,NA,NA,NA,3,2,2,KIM,38.0077263,40,25.25883002,51.47790265088694,4,NA,NA,NA,NA,
T259,2022-07-16,0,0,0,0,NA,NA,NA,NA,NA,NA,NA,NA,NA,NA,NA,NA,NA,NA,NA,NA,NA,0,NA,NA,NA,NA,NA,NA,3,3,3,KIM,40.2378587,42,22.95584989,60.06244752089803,4,NA,NA,NA,NA,
T259,2022-07-18,0,0,0,0,NA,NA,NA,NA,NA,NA,NA,NA,NA,NA,NA,NA,NA,NA,NA,NA,NA,0,NA,NA,NA,NA,NA,NA,3,4,4,KIM,41.6434879,44,22.05684327,65.63882230082449,4,NA,NA,NA,NA,
T259,2022-07-20,18,5,11,2.2,0.44721359549995793,0.20327890704543541,13,2.6,0.5477225575051661,0.21066252211737155,7669.6,58.380647478423874,0.007611954662358385,0.8666666666666667,0.18257418583505539,0.2106625221173716,1,0.09090909090909091,NA,NA,NA,7,NA,,NA,NA,NA,NA,3,5,5,KIM,29.0198675,27,38.24172185,25.343831308428427,4,NA,NA,NA,NA,
T260,2022-07-11,42,17,39,2.2941176470588234,0.5878675320972554,0.25624994988854727,40,2.3529411764705883,0.9314757424772421,0.3958771905528279,7839,157.34675084030175,0.02007229886979229,1.0323529411764707,0.26037303556063335,0.2522131968393599,2,0.05128205128205128,NA,NA,NA,3,NA,,NA,NA,NA,NA,3,1,1,KIM,37.6434928,40,25.11067853,50.53826030531714,3,15.5,8.7,7.6,6.8,07/20/22
T260,2022-07-13,73,24,60,2.5,0.7223151185146152,0.28892604740584604,60,2.5,0.7801894976054939,0.31207579904219757,7344.666666666667,152.0994144763811,0.020708824699516352,1.0347222222222223,0.2505027151668383,0.24209658378540075,1,0.016666666666666666,NA,NA,NA,13,NA,,NA,NA,NA,NA,3,2,2,KIM,33.805187599999996,35,29.94426049,38.018313997481755,3,NA,NA,NA,NA,
T260,2022-07-15,66,22,54,2.4545454545454546,0.5096471914376255,0.20763404095606963,55,2.5,0.7400128699009549,0.29600514796038196,7602.636363636364,216.19954307130814,0.028437443635394296,1.0113636363636365,0.1805624929292179,0.1785337008738334,4,0.07407407407407407,NA,NA,NA,12,NA,,NA,NA,NA,NA,3,3,3,KIM,40.683223,42,22.82450331,61.65888918640085,3,NA,NA,NA,NA,
T260,2022-07-17,82,29,74,2.5517241379310347,0.7831350411077501,0.3069042728665507,77,2.6551724137931036,0.7688517444384896,0.28956754011319735,7745.137931034483,555.0638138434388,0.07166609798120166,0.9959770114942529,0.2757980905558302,0.2769121047704239,1,0.013513513513513514,NA,NA,NA,8,NA,,NA,NA,NA,NA,3,4,4,KIM,31.3636865,27,33.07119205,31.529280161460292,3,NA,NA,NA,NA,
T260,2022-07-19,181,61,143,2.3442622950819674,0.6023632874392701,0.25695217156500333,131,2.1475409836065573,0.7032321943182658,0.32745926605659703,7941.540983606557,516.2215149129455,0.06500268851833206,1.1639344262295082,0.35550147585083103,0.30543084544930554,6,0.04195804195804196,NA,NA,NA,38,NA,,NA,NA,NA,NA,3,5,5,KIM,40.9828918,44,23.11203091,62.44901469327356,3,NA,NA,NA,NA,
