male,round,trial_round,date,motif_count.x,motif_count.y,motif_prop,temp_mean,humidity_mean,chamber,counter,test_order,temp_target,temp_median,motif_rate,mass,bill_length,bill_depth,bill_width,bill_date,n_obs_completed,motif_count_plus_1,log_motif_count_plus_1,temp,count_total_round,n_obs_round,count_mean_round,count_sd_round,count_cv_round,count_total,n_obs,count_mean,trial,motif_prop_round,weights,svp,vpd,vpd_offset,song_count,song_motif_count,song_motif_mean,song_motif_sd,song_length_sum,song_length_sd,song_motif_length_mean,song_motif_length_sd,post_song_motif_occurances,post_song_motif_freq,file,start_song,end_song,motif,post_song_motif,notes,song_start,song_end,song_length,date_file,motif_misc
T229,1,1,2022-02-13,0,0,0,45.84946,9.263441,6,KIM,1,44,46,NA,NA,NA,NA,NA,NA,TRUE,1,0,45.84946,651,5,130.2,129.65415535184363,0.9958076447914258,1833,13,141,1,0,1,105.66141489927209,95.8735320703128,NA,0,0,0,NA,NA,NA,NA,NA,NA,NA,NA,NA,NA,NA,NA,NA,NA,NA,NA,NA,0
T229,1,2,2022-02-15,24,24,0.01309328968903437,42.28226,9.849462,6,KIM,2,42,42.5,NA,NA,NA,NA,NA,NA,TRUE,25,3.2188758248682006,42.28226,651,5,130.2,129.65415535184363,0.9958076447914258,1833,13,141,2,0.03686635944700461,0.04,87.20002023907328,78.61128738163345,NA,7,22,3.142857142857143,1.0690449676496976,26,1.4960264830861913,1.1595238095238094,0.15630488454049324,2,0.09090909090909091,NA,NA,NA,2,NA,,NA,NA,NA,NA,2
T229,1,3,2022-02-17,114,114,0.062193126022913256,40.65323,18.33065,6,KIM,3,40,40.5,NA,NA,NA,NA,NA,NA,TRUE,115,4.74493212836325,40.65323,651,5,130.2,129.65415535184363,0.9958076447914258,1833,13,141,3,0.17511520737327188,0.008695652173913044,79.76269039011476,65.14167078411919,NA,28,85,3.0357142857142856,1.3188699668344825,103,2.000991817566542,1.1821428571428572,0.2239712913071807,12,0.1411764705882353,NA,NA,NA,29,NA,,NA,NA,NA,NA,29
T229,1,4,2022-02-19,198,159,0.10801963993453355,26.2043,19,6,KIM,4,27,26,NA,NA,NA,NA,NA,NA,TRUE,199,5.293304824724492,26.2043,651,5,130.2,129.65415535184363,0.9958076447914258,1833,13,141,4,0.30414746543778803,0.005025125628140704,34.66981033629894,28.082546372402142,NA,51,159,3.1176470588235294,1.2271439821557928,177,1.4471066467468192,1.1163398692810458,0.18158224937961404,15,0.09433962264150944,NA,NA,NA,NA,NA,NA,NA,NA,NA,NA,0
T229,1,5,2022-02-21,315,318,0.1718494271685761,34.90591,14.14247,6,KIM,5,35,35,NA,NA,NA,NA,NA,NA,TRUE,316,5.755742213586912,34.90591,651,5,130.2,129.65415535184363,0.9958076447914258,1833,13,141,5,0.4838709677419355,0.0031645569620253164,57.80078995754717,49.62633057803805,NA,83,227,2.7349397590361444,1.0829536997669686,254,1.291146187623111,1.1187751004016064,0.18840833896321396,40,0.1762114537444934,NA,NA,NA,91,NA,,NA,NA,NA,NA,91
T229,2,1,2022-05-05,95,80,0.05182760501909438,39.19399,24.0847,6,KIM,NA,40,40,NA,NA,NA,NA,NA,NA,TRUE,96,4.564348191467836,39.19399,574,3,191.33333333333334,116.62904155197938,0.6095594506201013,1833,13,141,6,0.16550522648083624,0.010416666666666666,73.58265510733261,55.86049337269687,NA,20,62,3.1,1.3726654823065194,74,1.7800059136507325,1.1829761904761904,0.24802992107248914,7,0.11290322580645161,NA,NA,NA,18,NA,,NA,NA,NA,NA,18
T229,2,2,2022-05-07,158,167,0.0861974904528096,39.88934,22.70355,6,KIM,NA,40,40,NA,NA,NA,NA,NA,NA,TRUE,159,5.0689042022202315,39.88934,574,3,191.33333333333334,116.62904155197938,0.6095594506201013,1833,13,141,7,0.27526132404181186,0.006289308176100629,76.47259197322225,59.11059881828575,NA,48,148,3.0833333333333335,1.6351632533934424,170,2.192427328020813,1.1276785714285715,0.25265017135313533,6,0.04054054054054054,NA,NA,NA,19,NA,,NA,NA,NA,NA,19
T229,2,3,2022-05-09,321,310,0.1751227495908347,38.80191,23.50956,6,KIM,NA,40,40,NA,NA,NA,NA,NA,NA,TRUE,322,5.7745515455444085,38.80191,574,3,191.33333333333334,116.62904155197938,0.6095594506201013,1833,13,141,8,0.5592334494773519,0.003105590062111801,71.9961035463884,55.07013638548809,NA,85,262,3.0823529411764707,1.2929457387970267,297,1.54783665783174,1.136890756302521,0.19334769486658449,27,0.10305343511450382,NA,NA,NA,48,NA,,NA,NA,NA,NA,48
T229,3,1,2022-06-24,105,101,0.057283142389525366,39.8807947,24.37030905,5,KIM,1,40,41,3.5,19,8.8,7.5,6.8,07/11/22,TRUE,106,4.663439094112067,39.8807947,608,5,121.6,51.34978091481988,0.42228438252318984,1833,13,141,9,0.17269736842105263,0.009433962264150943,76.43647643824093,57.80867090331119,NA,29,75,2.586206896551724,0.7327658649308672,98,1.0827805840074194,1.3160919540229885,0.2523493876844091,8,0.10666666666666667,NA,NA,NA,26,NA,,NA,NA,NA,NA,26
T229,3,2,2022-06-26,133,34,0.07255864702673213,36.082781,30.74337748,5,KIM,2,35,37,4.43,NA,NA,NA,NA,,TRUE,134,4.897839799950911,36.082781,608,5,121.6,51.34978091481988,0.42228438252318984,1833,13,141,10,0.21875,0.007462686567164179,61.80124894733525,42.80145769610145,NA,7,28,4,1.7320508075688772,36,2.5448360411214073,1.2595238095238095,0.1928963315073532,3,0.10714285714285714,NA,NA,NA,6,NA,,NA,NA,NA,NA,6
T229,3,3,2022-06-28,66,62,0.03600654664484452,43.239514,21.88300221,5,KIM,3,44,45,2.2,NA,NA,NA,NA,,TRUE,67,4.204692619390966,43.239514,608,5,121.6,51.34978091481988,0.42228438252318984,1833,13,141,11,0.10855263157894737,0.014925373134328358,91.85048494517552,71.75084129472704,NA,17,47,2.764705882352941,0.9701425001453319,59,1.2307338795828044,1.261764705882353,0.2009322634864892,7,0.14893617021276595,NA,NA,NA,15,NA,,NA,NA,NA,NA,15
T229,3,4,2022-06-30,101,105,0.055100927441352976,41.7671082,23.3200883,5,KIM,4,42,43.5,3.37,NA,NA,NA,NA,,TRUE,102,4.624972813284271,41.7671082,608,5,121.6,51.34978091481988,0.42228438252318984,1833,13,141,12,0.16611842105263158,0.00980392156862745,84.78448647647033,65.01266936545589,NA,29,79,2.7241379310344827,1.1617890060511336,104,1.7630582475450018,1.2983579638752052,0.295375285938681,12,0.1518987341772152,NA,NA,NA,26,NA,,NA,NA,NA,NA,26
T229,3,5,2022-07-02,203,200,0.11074740861974905,30.6452328,38.36640798,5,KIM,5,27,31,6.77,NA,NA,NA,NA,,TRUE,204,5.318119993844216,30.6452328,608,5,121.6,51.34978091481988,0.42228438252318984,1833,13,141,13,0.3338815789473684,0.004901960784313725,45.16798350594228,27.83865067771336,NA,52,168,3.230769230769231,1.0406518435225336,204,1.4258970873701717,1.215705128205128,0.19757278412689355,19,0.1130952380952381,NA,NA,NA,32,NA,,NA,NA,NA,NA,32
T230,1,1,2022-02-23,0,0,0,44.23656,18.96505,6,KIM,1,42,44,NA,NA,NA,NA,NA,NA,FALSE,1,0,44.23656,0,5,0,0,NA,29,13,2.230769230769231,1,NA,1,96.92584591841694,78.5438107770662,NA,0,0,0,NA,NA,NA,NA,NA,NA,NA,NA,NA,NA,NA,NA,NA,NA,NA,NA,NA,0
T230,1,2,2022-02-25,0,0,0,34.48656,24.73118,6,KIM,2,35,35,NA,NA,NA,NA,NA,NA,FALSE,1,0,34.48656,0,5,0,0,NA,29,13,2.230769230769231,2,NA,1,56.431807439334456,42.47555556425926,NA,0,0,0,NA,NA,NA,NA,NA,NA,NA,NA,NA,NA,NA,NA,NA,NA,NA,NA,NA,0
T230,1,3,2022-02-27,0,0,0,46.6129,12.38172,6,KIM,3,44,46,NA,NA,NA,NA,NA,NA,FALSE,1,0,46.6129,0,5,0,0,NA,29,13,2.230769230769231,3,NA,1,110.03317320817936,96.40917379442759,NA,0,0,0,NA,NA,NA,NA,NA,NA,NA,NA,NA,NA,NA,NA,NA,NA,NA,NA,NA,0
T230,1,4,2022-03-01,0,0,0,41.0914,13.24194,6,KIM,4,40,41,NA,NA,NA,NA,NA,NA,FALSE,1,0,41.0914,0,5,0,0,NA,29,13,2.230769230769231,4,NA,1,81.70584906772102,70.88640955768284,NA,0,0,0,NA,NA,NA,NA,NA,NA,NA,NA,NA,NA,NA,NA,NA,NA,NA,NA,NA,0
T230,1,5,2022-03-03,0,0,0,27.46505,25,6,KIM,5,27,27.5,NA,NA,NA,NA,NA,NA,FALSE,1,0,27.46505,0,5,0,0,NA,29,13,2.230769230769231,5,NA,1,37.40329809470431,28.052473571028234,NA,0,0,0,NA,NA,NA,NA,NA,NA,NA,NA,NA,NA,NA,NA,NA,NA,NA,NA,NA,0
T230,2,1,2022-05-24,0,0,0,38.49727,23.69809,4,KIM,NA,40,39,NA,NA,NA,NA,NA,NA,TRUE,1,0,38.49727,0,3,0,0,NA,29,13,2.230769230769231,6,NA,1,70.78435147071073,54.00981215326537,NA,0,0,0,NA,NA,NA,NA,NA,NA,NA,NA,NA,NA,NA,NA,NA,NA,NA,NA,NA,0
T230,2,2,2022-05-26,0,0,0,38.6694,24.19809,4,KIM,NA,40,39,NA,NA,NA,NA,NA,NA,TRUE,1,0,38.6694,0,3,0,0,NA,29,13,2.230769230769231,7,NA,1,71.46678761143367,54.17319002511011,NA,0,0,0,NA,NA,NA,NA,NA,0,NA,NA,NA,NA,NA,NA,NA,NA,NA,NA,NA,0
T230,2,3,2022-05-28,0,0,0,38.60109,24.22268,4,KIM,NA,40,39.5,NA,NA,NA,NA,NA,NA,TRUE,1,0,38.60109,0,3,0,0,NA,29,13,2.230769230769231,8,NA,1,71.19526836825656,53.94986633627256,NA,0,0,0,NA,NA,NA,NA,NA,NA,NA,NA,NA,NA,NA,NA,NA,NA,NA,NA,NA,0
T230,3,1,2022-06-06,9,9,0.3103448275862069,39.2935982,24.34492274,6,KIM,1,40,40.5,0.3,18.5,8.2,7.4,6.5,06/23/22,TRUE,10,2.302585092994046,39.2935982,29,5,5.8,6.016643582596529,1.0373523418269879,29,13,2.230769230769231,9,0.3103448275862069,0.1,73.9906139831845,55.9776561741266,NA,3,9,3,2.6457513110645907,NA,NA,NA,NA,NA,NA,NA,NA,NA,NA,NA,NA,NA,NA,NA,NA,0
T230,3,2,2022-06-08,0,0,0,33.4254967,35.40286976,6,KIM,2,35,34,0,NA,NA,NA,NA,,TRUE,1,0,33.4254967,29,5,5.8,6.016643582596529,1.0373523418269879,29,13,2.230769230769231,10,0,1,53.09544513487569,34.298133845283395,NA,0,0,0,NA,NA,NA,NA,NA,NA,NA,NA,NA,NA,NA,NA,NA,NA,NA,NA,NA,0
T230,3,3,2022-06-10,14,14,0.4827586206896552,41.3907285,22.30905077,6,KIM,3,42,42.5,0.47,NA,NA,NA,NA,,TRUE,15,2.70805020110221,41.3907285,29,5,5.8,6.016643582596529,1.0373523418269879,29,13,2.230769230769231,11,0.4827586206896552,0.06666666666666667,83.0572288729467,64.52794951552592,NA,3,14,4.666666666666667,2.0816659994661326,9,1.7320508075688772,0.626984126984127,0.11251941967268116,0,0,NA,NA,NA,0,NA,,NA,NA,NA,NA,0
T230,3,4,2022-06-12,6,6,0.20689655172413793,30.9966887,35.25662252,6,KIM,4,27,31,0.2,NA,NA,NA,NA,,TRUE,7,1.9459101490553132,30.9966887,29,5,5.8,6.016643582596529,1.0373523418269879,29,13,2.230769230769231,12,0.20689655172413793,0.14285714285714285,46.10828864315761,29.8520633658075,NA,2,6,3,0,5,0.7071067811865476,0.8333333333333333,0.23570226039551587,0,0,NA,NA,NA,0,NA,,NA,NA,NA,NA,0
T230,3,5,2022-06-14,0,0,0,42.6244469,28.18086283,6,KIM,5,44,43.5,0,NA,NA,NA,NA,,TRUE,1,0,42.6244469,29,5,5.8,6.016643582596529,1.0373523418269879,29,13,2.230769230769231,13,0,1,88.83794360861727,63.802644579280084,NA,0,0,0,NA,NA,NA,NA,NA,NA,NA,NA,NA,NA,NA,NA,NA,NA,NA,NA,NA,0
T231,1,1,2022-02-13,57,57,0.04305135951661632,42.79839,10.77151,2,RAS,1,42,43,NA,NA,NA,NA,NA,NA,TRUE,58,4.060443010546419,42.79839,389,5,77.8,82.50878741079643,1.0605242597788744,1324,13,101.84615384615384,1,0.14652956298200515,0.017241379310344827,89.68091812170277,80.02092905813176,NA,15,55,3.6666666666666665,1.9880595947760098,45,1.7728105208558367,0.8094444444444444,0.19837801284123194,2,0.03636363636363636,NA,NA,NA,2,NA,,NA,NA,NA,NA,2
T231,1,2,2022-02-15,7,0,0.005287009063444109,45.04301,8.75,2,RAS,2,44,45,NA,NA,NA,NA,NA,NA,TRUE,8,2.0794415416798357,45.04301,389,5,77.8,82.50878741079643,1.0605242597788744,1324,13,101.84615384615384,2,0.017994858611825194,0.125,101.21048427454036,92.35456690051808,NA,0,0,0,NA,NA,NA,NA,NA,NA,NA,NA,NA,NA,NA,NA,NA,NA,NA,NA,NA,0
T231,1,3,2022-02-17,86,87,0.0649546827794562,41.12903,16.53763,2,KIM,3,40,41,NA,NA,NA,NA,NA,NA,TRUE,87,4.465908118654584,41.12903,389,5,77.8,82.50878741079643,1.0605242597788744,1324,13,101.84615384615384,3,0.2210796915167095,0.011494252873563218,81.87466223083975,68.33453352735373,NA,19,82,4.315789473684211,2.135744251723958,81,1.8511889651776021,1.0239139515455304,0.20355814226994862,4,0.04878048780487805,NA,NA,NA,5,NA,,NA,NA,NA,NA,5
T231,1,4,2022-02-19,24,24,0.01812688821752266,27.24462,17.29032,2,RAS,4,27,27,NA,NA,NA,NA,NA,NA,TRUE,25,3.2188758248682006,27.24462,389,5,77.8,82.50878741079643,1.0605242597788744,1324,13,101.84615384615384,4,0.061696658097686374,0.04,36.91198411462645,30.52978394285837,NA,9,24,2.6666666666666665,1,21,1.3228756555322954,0.8333333333333334,0.25,0,0,NA,NA,NA,0,NA,,NA,NA,NA,NA,0
T231,1,5,2022-02-21,215,211,0.1623867069486405,36.51075,12.65054,2,RAS,5,35,36.5,NA,NA,NA,NA,NA,NA,TRUE,216,5.375278407684165,36.51075,389,5,77.8,82.50878741079643,1.0605242597788744,1324,13,101.84615384615384,5,0.5526992287917738,0.004629629629629629,63.31569930840353,55.30592144111422,NA,62,205,3.306451612903226,1.5213099368142622,167,1.2878843965712847,0.8160906298003072,0.18766202024737869,6,0.02926829268292683,NA,NA,NA,6,NA,,NA,NA,NA,NA,6
T231,2,1,2022-05-05,14,17,0.010574018126888218,39.03005,23.80055,2,KIM,NA,40,40.5,NA,NA,NA,NA,NA,NA,TRUE,15,2.70805020110221,39.03005,311,3,103.66666666666667,137.52211943296007,1.3265799302214798,1324,13,101.84615384615384,6,0.04501607717041801,0.06666666666666667,72.91554823479972,55.56124671940209,NA,3,15,5,2,14,1.1547005383792515,0.9968253968253968,0.29282165225651313,1,0.06666666666666667,NA,NA,NA,2,NA,,NA,NA,NA,NA,2
T231,2,2,2022-05-07,262,249,0.19788519637462235,40.52869,21.61066,2,KIM,NA,40,41.5,NA,NA,NA,NA,NA,NA,TRUE,263,5.572154032177765,40.52869,311,3,103.66666666666667,137.52211943296007,1.3265799302214798,1324,13,101.84615384615384,7,0.842443729903537,0.0038022813688212928,79.21790138680048,62.09839005896374,NA,83,242,2.9156626506024095,0.9397044070410657,196,0.9700177676649329,0.8146586345381526,0.21960789136767903,4,0.01652892561983471,NA,NA,NA,7,NA,,NA,NA,NA,NA,7
T231,2,3,2022-05-09,35,33,0.026435045317220542,39.40984,22.51503,2,KIM,NA,40,41,NA,NA,NA,NA,NA,NA,TRUE,36,3.58351893845611,39.40984,311,3,103.66666666666667,137.52211943296007,1.3265799302214798,1324,13,101.84615384615384,8,0.11254019292604502,0.027777777777777776,74.4692269861028,57.702458189413655,NA,10,30,3,1.0540925533894598,24,1.0749676997731399,0.8049999999999999,0.2991809807779553,3,0.1,NA,NA,NA,3,NA,,NA,NA,NA,NA,3
T231,3,1,2022-06-24,59,58,0.0445619335347432,34.5242826,25.61865342,1,KIM,1,35,35,1.97,18.5,9.3,8,7.1,07/11/22,TRUE,60,4.0943445622221,34.5242826,624,5,124.8,71.04012950438646,0.5692318069261736,1324,13,101.84615384615384,9,0.09455128205128205,0.016666666666666666,56.55376670216934,42.065453214785215,NA,18,54,3,1.0846522890932808,44,0.8555852638929972,0.8333333333333334,0.16666666666666669,1,0.018518518518518517,NA,NA,NA,4,NA,,NA,NA,NA,NA,4
T231,3,2,2022-06-26,46,45,0.03474320241691843,43.0728477,19.23289183,1,KIM,2,44,44,1.53,NA,NA,NA,NA,,TRUE,47,3.8501476017100584,43.0728477,624,5,124.8,71.04012950438646,0.5692318069261736,1324,13,101.84615384615384,10,0.07371794871794872,0.02127659574468085,91.02538716660331,73.51857291501179,NA,11,39,3.5454545454545454,1.6348477827391983,34,1.4459976109624424,0.8831168831168831,0.19655898858250886,0,0,NA,NA,NA,6,NA,,NA,NA,NA,NA,6
T231,3,3,2022-06-28,135,130,0.10196374622356495,38.9359823,21.07671082,1,KIM,3,40,39.5,4.5,NA,NA,NA,NA,,TRUE,136,4.912654885736052,38.9359823,624,5,124.8,71.04012950438646,0.5692318069261736,1324,13,101.84615384615384,11,0.21634615384615385,0.007352941176470588,72.53518762308717,57.247155885024654,NA,42,127,3.0238095238095237,1.5537224418307627,107,1.8239916151976319,0.8011621315192744,0.22581980877708202,2,0.015748031496062992,NA,NA,NA,3,NA,,NA,NA,NA,NA,3
T231,3,4,2022-06-30,176,178,0.13293051359516617,41.5932671,19.00827815,1,KIM,4,42,42,5.87,NA,NA,NA,NA,,TRUE,177,5.176149732573829,41.5932671,624,5,124.8,71.04012950438646,0.5692318069261736,1324,13,101.84615384615384,12,0.28205128205128205,0.005649717514124294,83.98280057231344,68.01911624136831,NA,49,177,3.6122448979591835,1.3966675596249967,147,1.3844373104863459,0.8175170068027211,0.18423268124576125,0,0,NA,NA,NA,1,NA,,NA,NA,NA,NA,1
T231,3,5,2022-07-02,208,203,0.15709969788519637,31.0380795,34.38631347,1,KIM,5,27,31,6.93,NA,NA,NA,NA,,TRUE,209,5.342334251964811,31.0380795,624,5,124.8,71.04012950438646,0.5692318069261736,1324,13,101.84615384615384,13,0.3333333333333333,0.004784688995215311,46.2201637253422,30.326753340398806,NA,55,196,3.5636363636363635,1.5958700908286196,164,1.4206272622267313,0.8426839826839827,0.22848545862011196,6,0.030612244897959183,NA,NA,NA,7,NA,,NA,NA,NA,NA,7
T234,1,1,2022-02-03,0,0,0,43.04301,15.26882,2,RAS,1,42,43,NA,NA,NA,NA,NA,NA,TRUE,1,0,43.04301,203,5,40.6,31.965606517005117,0.7873302097784511,601,13,46.23076923076923,1,0,1,90.87836565475246,77.00231158398648,NA,0,0,0,NA,NA,NA,NA,NA,NA,NA,NA,NA,NA,NA,NA,NA,NA,NA,NA,NA,0
T234,1,2,2022-02-05,30,30,0.04991680532445923,44.53226,9.360215,2,RAS,2,44,45,NA,NA,NA,NA,NA,NA,TRUE,31,3.4339872044851463,44.53226,203,5,40.6,31.965606517005117,0.7873302097784511,601,13,46.23076923076923,2,0.1477832512315271,0.03225806451612903,98.47792239572874,89.26017713195539,NA,11,28,2.5454545454545454,0.6875516509523286,36,1.2720777563426766,1.2575757575757576,0.21555659689428774,1,0.03571428571428571,NA,NA,NA,2,NA,,NA,NA,NA,NA,2
T234,1,3,2022-02-07,34,34,0.056572379367720464,27.15591,17.00538,2,RAS,3,27,27,NA,NA,NA,NA,NA,NA,TRUE,35,3.5553480614894135,27.15591,203,5,40.6,31.965606517005117,0.7873302097784511,601,13,46.23076923076923,3,0.16748768472906403,0.02857142857142857,36.71588427554952,30.472208634132077,NA,7,26,3.7142857142857144,1.2535663410560174,36,1.5735915849388864,1.407142857142857,0.1304753215125739,5,0.19230769230769232,NA,NA,NA,8,NA,,NA,NA,NA,NA,8
T234,1,4,2022-02-09,87,78,0.1447587354409318,41.09677,10.77688,2,RAS,4,40,41.5,NA,NA,NA,NA,NA,NA,TRUE,88,4.477336814478207,41.09677,203,5,40.6,31.965606517005117,0.7873302097784511,601,13,46.23076923076923,4,0.42857142857142855,0.011363636363636364,81.72992076200927,72.92198527739245,NA,21,47,2.238095238095238,0.6248809410409238,59,1.030487633067356,1.246031746031746,0.2547823015125289,5,0.10638297872340426,NA,NA,NA,31,NA,,NA,NA,NA,NA,31
T234,1,5,2022-02-11,52,52,0.08652246256239601,36.1129,12.69892,2,RAS,5,35,36,NA,NA,NA,NA,NA,NA,TRUE,53,3.970291913552122,36.1129,203,5,40.6,31.965606517005117,0.7873302097784511,601,13,46.23076923076923,5,0.2561576354679803,0.018867924528301886,61.906771293036705,54.04527993195101,NA,14,43,3.0714285714285716,1.328057326976612,54,2.0326997151247235,1.2142857142857142,0.21342317247536768,7,0.16279069767441862,NA,NA,NA,9,NA,,NA,NA,NA,NA,9
T234,2,1,2022-04-23,32,33,0.05324459234608985,39.49727,22.79781,2,KIM,NA,40,41,NA,NA,NA,NA,NA,NA,TRUE,33,3.4965075614664802,39.49727,104,3,34.666666666666664,5.507570547286102,0.15887222732556064,601,13,46.23076923076923,6,0.3076923076923077,0.030303030303030304,74.83101302572292,57.77118085504336,NA,7,27,3.857142857142857,2.1157009420498154,36,3.0237157840738176,1.308843537414966,0.25761902666180375,3,0.1111111111111111,NA,NA,NA,6,NA,,NA,NA,NA,NA,6
T234,2,2,2022-04-25,31,31,0.051580698835274545,39.34973,23.16257,2,KIM,NA,40,41,NA,NA,NA,NA,NA,NA,TRUE,32,3.4657359027997265,39.34973,104,3,34.666666666666664,5.507570547286102,0.15887222732556064,601,13,46.23076923076923,7,0.2980769230769231,0.03125,74.22138975219696,57.02980839587151,NA,8,25,3.125,1.3562026818605375,29,1.9955307206712847,1.1125,0.1807721533549109,3,0.12,NA,NA,NA,6,NA,,NA,NA,NA,NA,6
T234,2,3,2022-04-27,41,40,0.06821963394342762,38.32787,17.74863,2,KIM,NA,40,40.5,NA,NA,NA,NA,NA,NA,TRUE,42,3.7376696182833684,38.32787,104,3,34.666666666666664,5.507570547286102,0.15887222732556064,601,13,46.23076923076923,8,0.3942307692307692,0.023809523809523808,70.11837553849534,57.6733245021573,NA,11,35,3.1818181818181817,1.2504544628399563,48,1.9632996344280855,1.353030303030303,0.21276201909099465,0,0,NA,NA,NA,5,NA,,NA,NA,NA,NA,5
T234,3,1,2022-06-23,36,36,0.059900166389351084,42.5259382,22.06456954,2,KIM,1,44,44,1.2,19,7.8,7.2,5.9,07/11/22,TRUE,37,3.6109179126442243,42.5259382,294,5,58.8,18.074844397670482,0.30739531288555244,601,13,46.23076923076923,9,0.12244897959183673,0.02702702702702703,88.36365552679065,68.86659530499587,NA,9,28,3.111111111111111,1.6158932858054431,36,2.449489742783178,1.2605820105820105,0.21132582469356107,4,0.14285714285714285,NA,NA,NA,8,NA,,NA,NA,NA,NA,8
T234,3,2,2022-06-25,76,74,0.1264559068219634,34.7880795,30.0700883,2,KIM,2,35,35,2.53,NA,NA,NA,NA,,TRUE,77,4.343805421853684,34.7880795,294,5,58.8,18.074844397670482,0.30739531288555244,601,13,46.23076923076923,10,0.2585034013605442,0.012987012987012988,57.413186365917255,40.14899052984238,NA,18,54,3,0.9074852129730301,63,1.200490095997562,1.163888888888889,0.184288953278957,6,0.1111111111111111,NA,NA,NA,20,NA,,NA,NA,NA,NA,20
T234,3,3,2022-06-27,61,66,0.10149750415973377,41.7682119,22.4486755,2,KIM,3,42,43,2.03,NA,NA,NA,NA,,TRUE,62,4.127134385045092,41.7682119,294,5,58.8,18.074844397670482,0.30739531288555244,601,13,46.23076923076923,11,0.20748299319727892,0.016129032258064516,84.78959783068474,65.75545615591928,NA,14,54,3.857142857142857,1.7032612545052803,76,2.953857600710421,1.33656462585034,0.2544109512135456,7,0.12962962962962962,NA,NA,NA,12,NA,,NA,NA,NA,NA,12
T234,3,4,2022-06-29,45,37,0.07487520798668885,29.7826087,35.25027871,2,KIM,4,27,29.5,1.5,NA,NA,NA,NA,,TRUE,46,3.828641396489095,29.7826087,294,5,58.8,18.074844397670482,0.30739531288555244,601,13,46.23076923076923,12,0.15306122448979592,0.021739130434782608,42.931859211472855,27.798259184043864,NA,9,25,2.7777777777777777,1.3017082793177757,29,1.6414763002993509,1.1481481481481481,0.19444444444444442,4,0.16,NA,NA,NA,12,NA,,NA,NA,NA,NA,12
T234,3,5,2022-07-01,76,77,0.1264559068219634,39.3620309,24.96799117,2,KIM,5,40,40.5,2.53,NA,NA,NA,NA,,TRUE,77,4.343805421853684,39.3620309,294,5,58.8,18.074844397670482,0.30739531288555244,601,13,46.23076923076923,13,0.2585034013605442,0.012987012987012988,74.27204765788714,55.72780935688769,NA,21,58,2.761904761904762,1.2611408289624877,64,1.8296499795368095,1.0595238095238095,0.2570436316492369,5,0.08620689655172414,NA,NA,NA,19,NA,,NA,NA,NA,NA,19
T235,1,1,2022-02-13,74,72,0.031718816973853405,40.48925,10.00806,4,KIM,1,40,40.5,NA,NA,NA,NA,NA,NA,TRUE,75,4.31748811353631,40.48925,882,5,176.4,131.8912430754976,0.747682783874703,2333,13,179.46153846153845,1,0.08390022675736962,0.013333333333333334,79.0460619511188,71.13508464341366,NA,19,59,3.1052631578947367,1.242521488394791,58,1.26814318375447,0.9894736842105263,0.19190488628515157,8,0.13559322033898305,NA,NA,NA,13,NA,,NA,NA,NA,NA,13
T235,1,2,2022-02-15,10,10,0.0042863266180882984,34.28763,11.46505,4,KIM,2,35,34.5,NA,NA,NA,NA,NA,NA,TRUE,11,2.3978952727983707,34.28763,882,5,176.4,131.8912430754976,0.747682783874703,2333,13,179.46153846153845,2,0.011337868480725623,0.09090909090909091,55.792503984868674,49.39586550675149,NA,3,9,3,1,7,1.5275252316519468,0.7222222222222222,0.2545875386086578,0,0,NA,NA,NA,1,NA,,NA,NA,NA,NA,1
T235,1,3,2022-02-17,206,203,0.08829832833261894,42.5,16.35484,4,KIM,3,42,42.5,NA,NA,NA,NA,NA,NA,TRUE,207,5.332718793265369,42.5,882,5,176.4,131.8912430754976,0.747682783874703,2333,13,179.46153846153845,3,0.23356009070294784,0.004830917874396135,88.23914399960684,73.80777318110154,NA,47,188,4,1.7693034738587656,181,1.693706039432788,0.9646909827760891,0.11189850556157212,9,0.047872340425531915,NA,NA,NA,15,NA,,NA,NA,NA,NA,15
T235,1,4,2022-02-19,265,248,0.1135876553793399,45.02451,9.519608,4,KIM,4,44,45,NA,NA,NA,NA,NA,NA,TRUE,266,5.583496308781699,45.02451,882,5,176.4,131.8912430754976,0.747682783874703,2333,13,179.46153846153845,4,0.30045351473922904,0.0037593984962406013,101.11035161027544,91.48504248955554,NA,65,223,3.4307692307692306,1.4466473176066312,199,1.4238693220074117,0.8893589743589744,0.20549898880945716,15,0.06726457399103139,NA,NA,NA,25,NA,,NA,NA,NA,NA,25
T235,1,5,2022-02-21,327,319,0.14016288041148736,26,19.01882,4,KIM,5,27,26,NA,NA,NA,NA,NA,NA,TRUE,328,5.793013608384144,26,882,5,176.4,131.8912430754976,0.747682783874703,2333,13,179.46153846153845,5,0.3707482993197279,0.003048780487804878,34.24400206334171,27.731196950118463,NA,74,294,3.972972972972973,1.6299674168772367,254,1.526757519309908,0.8626769626769627,0.16135649181938097,12,0.04081632653061224,NA,NA,NA,25,NA,,NA,NA,NA,NA,25
T235,2,1,2022-05-05,81,80,0.034719245606515216,38.79508,23.6612,4,KIM,NA,40,39.5,NA,NA,NA,NA,NA,NA,TRUE,82,4.406719247264253,38.79508,241,3,80.33333333333333,42.0039680665212,0.5228709717824217,2333,13,179.46153846153845,6,0.3360995850622407,0.012195121951219513,71.96873631685914,54.94006967945446,NA,16,70,4.375,1.746424919657298,64,1.7888543819998317,0.8973214285714286,0.2601352561148198,5,0.07142857142857142,NA,NA,NA,10,NA,,NA,NA,NA,NA,10
T235,2,2,2022-05-07,122,119,0.05229318474067724,40.00546,21.61749,4,KIM,NA,40,40,NA,NA,NA,NA,NA,NA,TRUE,123,4.812184355372417,40.00546,241,3,80.33333333333333,42.0039680665212,0.5228709717824217,2333,13,179.46153846153845,7,0.5062240663900415,0.008130081300813009,76.964855298746,60.32698540102512,NA,25,102,4.08,1.8912077270005712,95,1.8708286933869707,0.922952380952381,0.20681947709858425,12,0.11764705882352941,NA,NA,NA,17,NA,,NA,NA,NA,NA,17
T235,2,3,2022-05-09,38,27,0.016288041148735534,38.96995,22.58333,4,KIM,NA,40,40,NA,NA,NA,NA,NA,NA,TRUE,39,3.6635616461296463,38.96995,241,3,80.33333333333333,42.0039680665212,0.5228709717824217,2333,13,179.46153846153845,8,0.15767634854771784,0.02564102564102564,72.67233225587366,56.26049964383326,NA,7,20,2.857142857142857,1.0690449676496976,21,1.4142135623730951,1.0285714285714285,0.07559289460184543,2,0.1,NA,NA,NA,7,NA,,NA,NA,NA,NA,7
T235,3,1,2022-06-24,77,77,0.033004714959279896,38.8636865,22.88134658,3,KIM,1,40,39.5,2.57,17,8.2,7.9,6.6,07/11/22,TRUE,78,4.356708826689592,38.8636865,1210,5,242,158.99685531481433,0.6570117988215468,2333,13,179.46153846153845,9,0.06363636363636363,0.01282051282051282,72.244055341535,55.71364265539138,NA,23,62,2.6956521739130435,1.6904755277381045,52,1.483772566018116,0.8416149068322981,0.2670064601957013,6,0.0967741935483871,NA,NA,NA,15,NA,,NA,NA,NA,NA,15
T235,3,2,2022-06-26,425,0,0.1821688812687527,30.7291667,36.2308114,3,KIM,2,27,31,14.17,NA,NA,NA,NA,,TRUE,426,6.054439346269371,30.7291667,1210,5,242,158.99685531481433,0.6570117988215468,2333,13,179.46153846153845,10,0.3512396694214876,0.002347417840375587,45.39098388062313,28.945462118230164,NA,0,0,0,NA,NA,NA,NA,NA,NA,NA,NA,NA,NA,NA,NA,NA,NA,NA,NA,NA,0
T235,3,3,2022-06-28,101,96,0.043291898842691814,42.5469095,20.26655629,3,KIM,3,44,44,3.37,NA,NA,NA,NA,,TRUE,102,4.624972813284271,42.5469095,1210,5,242,158.99685531481433,0.6570117988215468,2333,13,179.46153846153845,11,0.0834710743801653,0.00980392156862745,88.46443782250502,70.53574273457498,NA,27,82,3.037037037037037,1.7863043388188897,80,1.9509658649673516,0.9537037037037037,0.25978020514611,6,0.07317073170731707,NA,NA,NA,14,NA,,NA,NA,NA,NA,14
T235,3,4,2022-06-30,223,195,0.09558508358336905,33.8664459,29.19922737,3,KIM,4,35,34,7.43,NA,NA,NA,NA,,TRUE,224,5.4116460518550396,33.8664459,1210,5,242,158.99685531481433,0.6570117988215468,2333,13,179.46153846153845,12,0.18429752066115704,0.004464285714285714,54.460086116689865,38.55816174557979,NA,57,167,2.9298245614035086,1.0996695789906137,165,1.2632753704771322,0.991812865497076,0.23124324973025476,15,0.08982035928143713,NA,NA,NA,28,NA,,NA,NA,NA,NA,28
T235,3,5,2022-07-02,384,382,0.16459494213459067,39.9740044,24.95022124,3,KIM,5,42,41,12.8,NA,NA,NA,NA,,TRUE,385,5.953243334287785,39.9740044,1210,5,242,158.99685531481433,0.6570117988215468,2333,13,179.46153846153845,13,0.31735537190082647,0.0025974025974025974,76.83123074002822,57.661668688976285,NA,116,310,2.6724137931034484,1.0695457147695975,294,1.1679118078881203,0.9507902298850575,0.22310928207747305,40,0.12903225806451613,NA,NA,NA,72,NA,,NA,NA,NA,NA,72
T236,1,1,2022-01-24,90,89,0.04295942720763723,NA,NA,4,RAS,1,40,NA,NA,NA,NA,NA,NA,NA,TRUE,91,4.51085950651685,40,758,5,151.6,45.9597650124541,0.3031646768631537,2095,13,161.15384615384616,1,0.11873350923482849,0.01098901098901099,NA,NA,NA,21,82,3.9047619047619047,1.445847914020071,63,1.1832159566199232,0.7689342403628118,0.13670166341044104,4,0.04878048780487805,NA,NA,NA,7,NA,,NA,NA,NA,NA,7
T236,1,2,2022-01-26,187,187,0.0892601431980907,34.35215,11.69892,4,RAS,2,35,34.5,NA,NA,NA,NA,NA,NA,TRUE,188,5.236441962829949,34.35215,758,5,151.6,45.9597650124541,0.3031646768631537,2095,13,161.15384615384616,2,0.24670184696569922,0.005319148936170213,55.9991454798273,49.44785024945869,NA,50,166,3.32,1.4489968380692533,135,1.3286482312670196,0.8162857142857143,0.22196183319117277,9,0.05421686746987952,NA,NA,NA,21,NA,,NA,NA,NA,NA,21
T236,1,3,2022-01-28,204,202,0.0973747016706444,44.90323,11.10484,4,RAS,3,44,45,NA,NA,NA,NA,NA,NA,TRUE,205,5.3230099791384085,44.90323,758,5,151.6,45.9597650124541,0.3031646768631537,2095,13,161.15384615384616,3,0.2691292875989446,0.004878048780487805,100.45607686601089,89.30059025976337,NA,55,179,3.2545454545454544,1.8877596148970779,154,1.6032374653713561,0.8666122766122766,0.22833740391859458,9,0.05027932960893855,NA,NA,NA,23,NA,,NA,NA,NA,NA,23
T236,1,4,2022-01-30,126,124,0.06014319809069212,25.90591,11.54032,4,RAS,4,27,26,NA,NA,NA,NA,NA,NA,TRUE,127,4.844187086458591,25.90591,758,5,151.6,45.9597650124541,0.3031646768631537,2095,13,161.15384615384616,4,0.1662269129287599,0.007874015748031496,34.04946625519508,30.12004889105355,NA,37,111,3,1.4529663145135578,99,1.313478292635712,0.9062419562419562,0.2091276251845174,5,0.04504504504504504,NA,NA,NA,13,NA,,NA,NA,NA,NA,13
T236,1,5,2022-02-01,151,147,0.0720763723150358,38.42473,10,4,RAS,5,42,38.5,NA,NA,NA,NA,NA,NA,TRUE,152,5.0238805208462765,38.42473,758,5,151.6,45.9597650124541,0.3031646768631537,2095,13,161.15384615384616,5,0.19920844327176782,0.006578947368421052,70.49848692015317,63.44863822813785,NA,44,135,3.0681818181818183,1.7440627158651825,112,1.2659135033191782,0.8628246753246753,0.22883614234310773,6,0.044444444444444446,NA,NA,NA,12,NA,,NA,NA,NA,NA,12
T236,2,1,2022-04-11,176,169,0.08400954653937948,38.7035519,15.71721,4,KIM,NA,40,40,NA,NA,NA,NA,NA,NA,TRUE,177,5.176149732573829,38.7035519,603,3,201,27.83882181415011,0.13850160106542342,2095,13,161.15384615384616,6,0.29187396351575456,0.005649717514124294,71.60287815928271,60.34890343294411,NA,42,141,3.357142857142857,1.8054312176134268,104,1.5339745162460983,0.7247354497354498,0.20865495456534897,10,0.07092198581560284,NA,NA,NA,28,NA,,NA,NA,NA,NA,28
T236,2,2,2022-04-13,231,232,0.11026252983293557,38.6694,24.0929,4,KIM,NA,40,39.5,NA,NA,NA,NA,NA,NA,TRUE,232,5.44673737166631,38.6694,603,3,201,27.83882181415011,0.13850160106542342,2095,13,161.15384615384616,7,0.38308457711442784,0.004310344827586207,71.46678761143367,54.248365938998575,NA,48,219,4.5625,2.6650316352758887,176,2.2815945649622433,0.7890422077922078,0.21519088453227433,7,0.0319634703196347,NA,NA,NA,13,NA,,NA,NA,NA,NA,13
T236,2,3,2022-04-15,196,181,0.09355608591885442,38.19399,21.26913,4,KIM,NA,40,39,NA,NA,NA,NA,NA,NA,TRUE,197,5.2832037287379885,38.19399,603,3,201,27.83882181415011,0.13850160106542342,2095,13,161.15384615384616,8,0.3250414593698176,0.005076142131979695,69.59597154359196,54.793513881222374,NA,35,156,4.457142857142857,2.266674905241248,132,2.101620023384122,0.8248412698412698,0.20624539962371616,9,0.057692307692307696,NA,NA,NA,25,NA,,NA,NA,NA,NA,25
T236,3,1,2022-06-06,198,197,0.0945107398568019,26.1539735,41.71081678,4,KIM,1,27,26,6.6,16.5,8.7,7.8,6.6,06/23/22,TRUE,199,5.293304824724492,26.1539735,734,5,146.8,84.59728128019245,0.5762757580394581,2095,13,161.15384615384616,9,0.26975476839237056,0.005025125628140704,34.56448346992641,20.147355098832016,NA,43,189,4.395348837209302,2.691605423602736,166,2.773869528198549,0.8611857780462432,0.21064868738088047,6,0.031746031746031744,NA,NA,NA,8,NA,,NA,NA,NA,NA,8
T236,3,2,2022-06-08,62,53,0.029594272076372316,39.9845475,26.37251656,4,KIM,2,42,40.5,2.07,NA,NA,NA,NA,,TRUE,63,4.143134726391533,39.9845475,734,5,146.8,84.59728128019245,0.5762757580394581,2095,13,161.15384615384616,10,0.08446866485013624,0.015873015873015872,76.8759953431195,56.601860740590475,NA,9,33,3.6666666666666665,2.0615528128088303,30,1.4142135623730951,0.9814814814814815,0.27881749860951016,1,0.030303030303030304,NA,NA,NA,20,NA,,NA,NA,NA,NA,20
T236,3,3,2022-06-10,48,47,0.022911694510739856,41.2759382,22.04801325,4,KIM,3,44,42.5,1.6,NA,NA,NA,NA,,TRUE,49,3.8918202981106265,41.2759382,734,5,146.8,84.59728128019245,0.5762757580394581,2095,13,161.15384615384616,11,0.0653950953678474,0.02040816326530612,82.53666704653777,64.33897176000875,NA,9,38,4.222222222222222,2.279132388529557,35,1.964971020425266,0.9470899470899471,0.07966214245986003,3,0.07894736842105263,NA,NA,NA,9,NA,,NA,NA,NA,NA,9
T236,3,4,2022-06-12,201,189,0.09594272076372315,33.4111479,30.92660044,4,KIM,4,35,33.5,6.7,NA,NA,NA,NA,,TRUE,202,5.308267697401205,33.4111479,734,5,146.8,84.59728128019245,0.5762757580394581,2095,13,161.15384615384616,12,0.273841961852861,0.0049504950495049506,53.05155284825827,36.644511071661995,NA,34,184,5.411764705882353,3.6191213319929294,164,3.233073293841505,0.8986440030557677,0.20815056054796546,2,0.010869565217391304,NA,NA,NA,5,NA,,NA,NA,NA,NA,5
T236,3,5,2022-06-14,225,217,0.10739856801909307,38.2891832,32.61699779,4,KIM,5,40,38.5,7.5,NA,NA,NA,NA,,TRUE,226,5.420534999272286,38.2891832,734,5,146.8,84.59728128019245,0.5762757580394581,2095,13,161.15384615384616,13,0.3065395095367847,0.004424778761061947,69.96706308515238,47.14590766494032,NA,36,210,5.833333333333333,3.880353444873657,179,3.0658125104458605,0.9099717412217412,0.22887692543209592,5,0.023809523809523808,NA,NA,NA,7,NA,,NA,NA,NA,NA,7
T237,1,1,2022-02-23,0,71,0,40.83333,20.37634,2,KIM,1,40,41,NA,NA,NA,NA,NA,NA,FALSE,1,0,40.83333,0,5,0,0,NA,1055,13,81.15384615384616,1,NA,1,80.55638026085498,64.14193832721028,NA,16,67,4.1875,2.9488698400121582,65,2.694902595642373,0.9931089743589744,0.11076890926670656,3,0.04477611940298507,NA,NA,NA,4,NA,,NA,NA,NA,NA,4
T237,1,2,2022-02-25,0,78,0,45.16667,16.58871,2,KIM,2,44,45.5,NA,NA,NA,NA,NA,NA,FALSE,1,0,45.16667,0,5,0,0,NA,1055,13,81.15384615384616,2,NA,1,101.8820539785702,84.98113550202173,NA,19,74,3.8947368421052633,1.9406395521438362,67,1.6454793645565071,0.9482456140350877,0.23173358591452756,2,0.02702702702702703,NA,NA,NA,4,NA,,NA,NA,NA,NA,4
T237,1,3,2022-02-27,0,95,0,35.80376,17.84409,2,KIM,3,35,36,NA,NA,NA,NA,NA,NA,FALSE,1,0,35.80376,0,5,0,0,NA,1055,13,81.15384615384616,3,NA,1,60.83124418426212,49.97646222390262,NA,23,89,3.869565217391304,1.6321861476416715,95,1.866068980165304,1.0579710144927537,0.11632738167650769,2,0.02247191011235955,NA,NA,NA,6,NA,,NA,NA,NA,NA,6
T237,1,4,2022-03-01,0,123,0,27.31989,20.89785,2,KIM,4,27,27.5,NA,NA,NA,NA,NA,NA,FALSE,1,0,27.31989,0,5,0,0,NA,1055,13,81.15384615384616,4,NA,1,37.07910355312095,29.330368111245065,NA,36,118,3.2777777777777777,1.7826322609494583,115,1.8018949461123968,0.9842592592592593,0.18885387163744222,3,0.025423728813559324,NA,NA,NA,5,NA,,NA,NA,NA,NA,5
T237,1,5,2022-03-03,0,77,0,42.57527,13.85484,2,KIM,5,42,43,NA,NA,NA,NA,NA,NA,FALSE,1,0,42.57527,0,5,0,0,NA,1055,13,81.15384615384616,5,NA,1,88.60089209664777,76.32538025808458,NA,21,73,3.4761904761904763,2.315578709935113,72,2.2038926600773587,0.9951814058956916,0.1593373449094004,4,0.0547945205479452,NA,NA,NA,4,NA,,NA,NA,NA,NA,4
T237,2,1,2022-05-24,180,169,0.17061611374407584,38.41803,24.12432,2,KIM,NA,40,40,NA,NA,NA,NA,NA,NA,TRUE,181,5.198497031265826,38.41803,430,3,143.33333333333334,31.89566323708183,0.2225278830494081,1055,13,81.15384615384616,6,0.4186046511627907,0.0055248618784530384,70.47213527185315,53.47121184803842,NA,40,156,3.9,1.9845557534273353,137,1.865853760724633,0.874811507936508,0.22299727817903142,2,0.01282051282051282,NA,NA,NA,13,NA,,NA,NA,NA,NA,13
T237,2,2,2022-05-26,122,108,0.11563981042654028,38.79098,25.56011,2,KIM,NA,40,40.5,NA,NA,NA,NA,NA,NA,TRUE,123,4.812184355372417,38.79098,430,3,143.33333333333334,31.89566323708183,0.2225278830494081,1055,13,81.15384615384616,7,0.2837209302325581,0.008130081300813009,71.9523123869011,53.56122219326555,NA,32,106,3.3125,1.3545026464923717,103,1.3850439611050431,0.9710565476190476,0.20182775153570146,1,0.009433962264150943,NA,NA,NA,2,NA,,NA,NA,NA,NA,2
T237,2,3,2022-05-28,128,127,0.12132701421800948,38.02186,25.29918,2,KIM,NA,40,40,NA,NA,NA,NA,NA,NA,TRUE,129,4.859812404361672,38.02186,430,3,143.33333333333334,31.89566323708183,0.2225278830494081,1055,13,81.15384615384616,8,0.29767441860465116,0.007751937984496124,68.92937791936671,51.490810526665875,NA,33,124,3.757575757575758,1.8545603089125842,127,1.6978149950968622,1.0568181818181819,0.17976468204041335,1,0.008064516129032258,NA,NA,NA,3,NA,,NA,NA,NA,NA,3
T237,3,1,2022-06-23,117,106,0.11090047393364928,33.7372506,31.1075388,6,KIM,1,35,34,3.9,19.5,8.4,7.5,6.4,07/11/22,TRUE,118,4.770684624465665,33.7372506,625,5,125,39.5790348543266,0.3166322788346128,1055,13,81.15384615384616,9,0.1872,0.00847457627118644,54.057070269394295,37.2412461611992,NA,29,102,3.5172413793103448,1.8248422564933506,99,1.6586836730050718,0.9985632183908046,0.16906120577237269,1,0.00980392156862745,NA,NA,NA,4,NA,,NA,NA,NA,NA,4
T237,3,2,2022-06-25,86,74,0.08151658767772511,40.4761905,24.94850498,6,KIM,2,42,41,2.87,NA,NA,NA,NA,,TRUE,87,4.465908118654584,40.4761905,625,5,125,39.5790348543266,0.3166322788346128,1055,13,81.15384615384616,10,0.1376,0.011494252873563218,78.98923460373975,59.28260147496186,NA,20,71,3.55,2.0384462607326044,78,1.99736668746891,1.1375,0.2525816989013318,3,0.04225352112676056,NA,NA,NA,3,NA,,NA,NA,NA,NA,3
T237,3,3,2022-06-27,179,150,0.16966824644549763,29.4619205,38.01821192,6,KIM,3,27,29.5,5.97,NA,NA,NA,NA,,TRUE,180,5.19295685089021,29.4619205,625,5,125,39.5790348543266,0.3166322788346128,1055,13,81.15384615384616,11,0.2864,0.005555555555555556,42.125976676703225,26.11043359038442,NA,36,144,4,1.4928400545843579,145,1.5021149111666545,1.0213293650793651,0.1778120759502613,2,0.013888888888888888,NA,NA,NA,6,NA,,NA,NA,NA,NA,6
T237,3,4,2022-06-29,92,77,0.08720379146919431,42.3411633,21.86577181,6,KIM,4,44,43,3.07,NA,NA,NA,NA,,TRUE,93,4.532599493153256,42.3411633,625,5,125,39.5790348543266,0.3166322788346128,1055,13,81.15384615384616,12,0.1472,0.010752688172043012,87.48005297252197,68.3518642102832,NA,16,76,4.75,2.04939015319192,75,2.1203380233664,0.984375,0.13682494222478156,1,0.013157894736842105,NA,NA,NA,1,NA,,NA,NA,NA,NA,1
T237,3,5,2022-07-01,151,151,0.14312796208530806,38.2262693,26.44370861,6,KIM,5,40,38.5,5.03,NA,NA,NA,NA,,TRUE,152,5.0238805208462765,38.2262693,625,5,125,39.5790348543266,0.3166322788346128,1055,13,81.15384615384616,13,0.2416,0.006578947368421052,69.72161023586379,51.28463078689203,NA,39,149,3.8205128205128207,1.4845129428411488,138,1.4481595188040695,0.9290598290598291,0.13029360324993555,1,0.006711409395973154,NA,NA,NA,2,NA,,NA,NA,NA,NA,2
T243,1,1,2022-01-24,0,0,0,34.77419,14.30376,6,RAS,1,35,35,NA,NA,NA,NA,NA,NA,TRUE,1,0,34.77419,438,5,87.6,76.37604336439536,0.8718726411460658,1861,13,143.15384615384616,1,0,1,57.367648963579306,49.16191813818644,NA,0,0,0,NA,NA,NA,NA,NA,NA,NA,NA,NA,NA,NA,NA,NA,NA,NA,NA,NA,0
T243,1,2,2022-01-26,35,35,0.018807092960773777,44.76075,9.153226,6,RAS,2,44,45,NA,NA,NA,NA,NA,NA,TRUE,36,3.58351893845611,44.76075,438,5,87.6,76.37604336439536,0.8718726411460658,1861,13,143.15384615384616,2,0.07990867579908675,0.027777777777777776,99.69220918376648,90.56715597278358,NA,6,31,5.166666666666667,3.2506409624359724,27,3.0166206257996713,0.8458333333333333,0.18602195210960093,2,0.06451612903225806,NA,NA,NA,4,NA,,NA,NA,NA,NA,4
T243,1,3,2022-01-28,118,115,0.06340677055346589,44.76075,9.153226,6,RAS,3,42,45,NA,NA,NA,NA,NA,NA,TRUE,119,4.77912349311153,44.76075,438,5,87.6,76.37604336439536,0.8718726411460658,1861,13,143.15384615384616,3,0.2694063926940639,0.008403361344537815,99.69220918376648,90.56715597278358,NA,24,112,4.666666666666667,2.140025734641417,100,1.9927404479142845,0.8926902958152958,0.1307514171774543,3,0.026785714285714284,NA,NA,NA,3,NA,,NA,NA,NA,NA,3
T243,1,4,2022-01-30,197,172,0.10585706609349813,41.29032,7.989247,6,RAS,4,40,41,NA,NA,NA,NA,NA,NA,TRUE,198,5.288267030694535,41.29032,438,5,87.6,76.37604336439536,0.8718726411460658,1861,13,143.15384615384616,4,0.4497716894977169,0.005050505050505051,82.60172856206708,76.00247244097399,NA,37,165,4.45945945945946,2.5231659411077914,154,2.1796216989997945,0.9820908820908821,0.23022932824135733,4,0.024242424242424242,NA,NA,NA,7,NA,,NA,NA,NA,NA,7
T243,1,5,2022-02-01,88,85,0.047286405158516925,26.55108,16.5,6,RAS,5,27,26.5,NA,NA,NA,NA,NA,NA,TRUE,89,4.48863636973214,26.55108,438,5,87.6,76.37604336439536,0.8718726411460658,1861,13,143.15384615384616,5,0.2009132420091324,0.011235955056179775,35.40337041165319,29.561814293730414,NA,24,85,3.5416666666666665,1.6934443076725039,NA,NA,NA,NA,NA,NA,NA,NA,NA,NA,NA,NA,NA,NA,NA,NA,0
T243,2,1,2022-04-11,289,241,0.1552928533046749,38.75546448,16.43169,6,KIM,NA,40,40,NA,NA,NA,NA,NA,NA,TRUE,290,5.66988092298052,38.75546448,810,3,270,35.53871128783372,0.13162485662160636,1861,13,143.15384615384616,6,0.3567901234567901,0.0034482758620689655,71.81018174862845,60.01055529525725,NA,48,238,4.958333333333333,3.05243769576462,207,2.889130399979396,0.8378592472342472,0.19544707334227504,2,0.008403361344537815,NA,NA,NA,3,NA,,NA,NA,NA,NA,3
T243,2,2,2022-04-13,292,280,0.1569048898441698,38.47951,25.05874,6,KIM,NA,40,39.5,NA,NA,NA,NA,NA,NA,TRUE,293,5.680172609017068,38.47951,810,3,270,35.53871128783372,0.13162485662160636,1861,13,143.15384615384616,7,0.36049382716049383,0.0034129692832764505,70.71426846598162,52.9941637881893,NA,54,267,4.944444444444445,2.9230164483342724,238,2.688329203494094,0.8893812463256907,0.136682642387617,7,0.026217228464419477,NA,NA,NA,13,NA,,NA,NA,NA,NA,13
T243,2,3,2022-04-15,229,227,0.123052122514777,37.53415,22.84016,6,KIM,NA,40,39,NA,NA,NA,NA,NA,NA,TRUE,230,5.438079308923196,37.53415,810,3,270,35.53871128783372,0.13162485662160636,1861,13,143.15384615384616,8,0.28271604938271605,0.004347826086956522,67.07124994282148,51.75206914188115,NA,44,217,4.931818181818182,3.157845359578358,371,19.447481725265753,2.772083472083472,9.41642428993405,7,0.03225806451612903,NA,NA,NA,10,NA,,NA,NA,NA,NA,10
T243,3,1,2022-07-12,138,139,0.07415368081676518,39.3647903,24.3714128,2,KIM,1,40,40,4.6,20,8,7.2,6.9,07/20/22,TRUE,139,4.9344739331306915,39.3647903,613,5,122.6,55.859645541302896,0.45562516754733196,1861,13,143.15384615384616,9,0.22512234910277323,0.007194244604316547,74.2834156943346,56.17949781352832,NA,27,127,4.703703703703703,2.8931592369536747,113,2.542515971314136,0.9423619590286257,0.24473589248839603,6,0.047244094488188976,NA,NA,NA,12,NA,,NA,NA,NA,NA,12
T243,3,2,2022-07-14,119,119,0.06394411606663085,42.4873068,21.73565121,2,KIM,2,44,44,3.97,NA,NA,NA,NA,,TRUE,120,4.787491742782046,42.4873068,613,5,122.6,55.859645541302896,0.45562516754733196,1861,13,143.15384615384616,10,0.19412724306688417,0.008333333333333333,88.17826914741133,69.01214812251496,NA,21,102,4.857142857142857,3.453776401067595,97,3.106061661915141,0.9962756819899677,0.25853801797426657,8,0.0784313725490196,NA,NA,NA,17,NA,,NA,NA,NA,NA,17
T243,3,3,2022-07-16,207,204,0.11123052122514777,41.25883,22.35761589,2,KIM,3,42,42.5,6.9,NA,NA,NA,NA,,TRUE,208,5.337538079701318,41.25883,613,5,122.6,55.859645541302896,0.45562516754733196,1861,13,143.15384615384616,11,0.3376835236541599,0.004807692307692308,82.45933062308042,64.02339021690695,NA,50,172,3.44,1.8861471364684579,159,1.8592295968700452,0.9101984126984127,0.1987350838953421,15,0.0872093023255814,NA,NA,NA,32,NA,,NA,NA,NA,NA,32
T243,3,4,2022-07-18,90,82,0.04836109618484686,34.0121413,29.93708609,2,KIM,4,35,34.5,3,NA,NA,NA,NA,,TRUE,91,4.51085950651685,34.0121413,613,5,122.6,55.859645541302896,0.45562516754733196,1861,13,143.15384615384616,12,0.1468189233278956,0.01098901098901099,54.91776709298656,38.47698787965348,NA,14,58,4.142857142857143,2.5677629550654775,56,2.4178820993079553,0.9756493506493507,0.14798267240014795,8,0.13793103448275862,NA,NA,NA,24,NA,,NA,NA,NA,NA,24
T243,3,5,2022-07-20,59,58,0.03170338527673294,28.7450331,38.92384106,2,KIM,5,27,29,1.97,NA,NA,NA,NA,,TRUE,60,4.0943445622221,28.7450331,613,5,122.6,55.859645541302896,0.45562516754733196,1861,13,143.15384615384616,13,0.09624796084828711,0.016666666666666666,40.37285978722547,24.658192012269176,NA,12,41,3.4166666666666665,1.8319554050414562,43,2.0207259421636903,1.0416666666666667,0.23703769465396993,7,0.17073170731707318,NA,NA,NA,17,NA,,NA,NA,NA,NA,17
T244,1,1,2022-02-03,62,61,0.06243705941591138,42.61559,16.16667,6,KIM,1,42,42.5,NA,NA,NA,NA,NA,NA,TRUE,63,4.143134726391533,42.61559,270,5,54,14.696938456699069,0.2721655269759087,993,13,76.38461538461539,1,0.22962962962962963,0.015873015873015872,88.79520863326528,74.43998027771376,NA,14,61,4.357142857142857,1.9456912102680337,55,1.7743595036946849,0.9070578231292517,0.12560551429733602,0,0,NA,NA,NA,0,NA,,NA,NA,NA,NA,0
T244,1,2,2022-02-05,42,40,0.04229607250755287,41.24731,10.04839,6,KIM,2,40,41,NA,NA,NA,NA,NA,NA,TRUE,43,3.7612001156935624,41.24731,270,5,54,14.696938456699069,0.2721655269759087,993,13,76.38461538461539,2,0.15555555555555556,0.023255813953488372,82.4072913603157,74.12668533599488,NA,8,40,5,2.5071326821120348,36,2.138089935299395,0.925,0.12182475052824793,0,0,NA,NA,NA,0,NA,,NA,NA,NA,NA,0
T244,1,3,2022-02-07,38,35,0.038267875125881166,35.35753,13.29839,6,KIM,3,35,35.5,NA,NA,NA,NA,NA,NA,TRUE,39,3.6635616461296463,35.35753,270,5,54,14.696938456699069,0.2721655269759087,993,13,76.38461538461539,3,0.14074074074074075,0.02564102564102564,59.30796158985892,51.420957556589286,NA,8,35,4.375,2.326094212561969,31,2.100170061141308,0.8923611111111112,0.13149987761610712,0,0,NA,NA,NA,0,NA,,NA,NA,NA,NA,0
T244,1,4,2022-02-09,54,41,0.054380664652567974,26.5,19.46774,6,KIM,4,27,26.5,NA,NA,NA,NA,NA,NA,TRUE,55,4.007333185232471,26.5,270,5,54,14.696938456699069,0.2721655269759087,993,13,76.38461538461539,4,0.2,0.01818181818181818,35.29445896618174,28.423425460238793,NA,9,41,4.555555555555555,1.8782379449307742,39,1.7320508075688772,0.9619047619047619,0.0769309258162072,0,0,NA,NA,NA,0,NA,,NA,NA,NA,NA,0
T244,1,5,2022-02-11,74,73,0.07452165156092648,44.47312,10.56452,6,KIM,5,44,44.5,NA,NA,NA,NA,NA,NA,TRUE,75,4.31748811353631,44.47312,270,5,54,14.696938456699069,0.2721655269759087,993,13,76.38461538461539,5,0.2740740740740741,0.013333333333333334,98.165763742824,87.79502199906061,NA,16,73,4.5625,1.75,70,1.6683325008322931,0.9713541666666666,0.15196151894720167,0,0,NA,NA,NA,0,NA,,NA,NA,NA,NA,0
T244,2,1,2022-04-23,55,55,0.0553877139979859,NA,NA,4,KIM,NA,40,NA,NA,NA,NA,NA,NA,NA,TRUE,56,4.02535169073515,40,225,3,75,33.77869150810907,0.4503825534414543,993,13,76.38461538461539,6,0.24444444444444444,0.017857142857142856,NA,NA,NA,12,53,4.416666666666667,1.8319554050414562,50,1.80067327475704,0.99375,0.4344264330788077,2,0.03773584905660377,NA,NA,NA,2,NA,,NA,NA,NA,NA,2
T244,2,2,2022-04-25,114,112,0.1148036253776435,39.21995,22.61202,4,KIM,NA,40,40,NA,NA,NA,NA,NA,NA,TRUE,115,4.74493212836325,39.21995,225,3,75,33.77869150810907,0.4503825534414543,993,13,76.38461538461539,7,0.5066666666666667,0.008695652173913044,73.68878561301635,57.02626267244397,NA,27,110,4.074074074074074,1.7080336405875962,99,1.4142135623730951,0.9261463844797179,0.15905790085754767,1,0.00909090909090909,NA,NA,NA,2,NA,,NA,NA,NA,NA,2
T244,2,3,2022-04-27,56,51,0.05639476334340383,36.87158,18.93989,4,KIM,NA,40,38.5,NA,NA,NA,NA,NA,NA,TRUE,57,4.04305126783455,36.87158,225,3,75,33.77869150810907,0.4503825534414543,993,13,76.38461538461539,8,0.24888888888888888,0.017543859649122806,64.6180082521906,52.37942856903478,NA,12,49,4.083333333333333,1.2401124093721456,42,1.087114613009218,0.864484126984127,0.12743791797126752,1,0.02040816326530612,NA,NA,NA,2,NA,,NA,NA,NA,NA,2
T244,3,1,2022-06-23,68,67,0.06847935548841894,41.0702434,22.43307522,4,KIM,1,44,42,2.27,18.5,8.7,7.7,7,07/11/22,TRUE,69,4.23410650459726,41.0702434,498,5,99.6,25.92874852359828,0.26032880043773376,993,13,76.38461538461539,9,0.13654618473895583,0.014492753623188406,81.61107294494785,63.30319956335863,NA,18,66,3.6666666666666665,1.3284223283101428,59,1.0740552924509195,0.9124338624338625,0.11844541118116672,1,0.015151515151515152,NA,NA,NA,1,NA,,NA,NA,NA,NA,1
T244,3,2,2022-06-25,126,128,0.1268882175226586,38.0557395,26.29359823,4,KIM,2,40,38.5,4.2,NA,NA,NA,NA,,TRUE,127,4.844187086458591,38.0557395,498,5,99.6,25.92874852359828,0.26032880043773376,993,13,76.38461538461539,10,0.25301204819277107,0.007874015748031496,69.06013177590224,50.90173818963794,NA,30,128,4.266666666666667,2.3034207445529313,115,2.0692049669866686,0.9157010582010582,0.17391376569710268,0,0,NA,NA,NA,NA,NA,NA,NA,NA,NA,NA,0
T244,3,3,2022-06-27,98,77,0.0986908358509567,33.6307947,30.51766004,4,KIM,3,35,34,3.27,NA,NA,NA,NA,,TRUE,99,4.59511985013459,33.6307947,498,5,99.6,25.92874852359828,0.26032880043773376,993,13,76.38461538461539,11,0.19678714859437751,0.010101010101010102,53.72697800871967,37.33076151025303,NA,18,77,4.277777777777778,0.7519039015221181,67,0.6691131580686884,0.875925925925926,0.118572972239985,0,0,NA,NA,NA,0,NA,,NA,NA,NA,NA,0
T244,3,4,2022-06-29,125,82,0.12588116817724068,29.7254464,35.53348214,4,KIM,4,27,30,4.17,NA,NA,NA,NA,,TRUE,126,4.836281906951478,29.7254464,498,5,99.6,25.92874852359828,0.26032880043773376,993,13,76.38461538461539,12,0.25100401606425704,0.007936507936507936,42.78721663209246,27.583428651924777,NA,17,82,4.823529411764706,1.4677914581799016,73,1.3585242858683528,0.8905462184873949,0.11703845536124728,0,0,NA,NA,NA,0,NA,,NA,NA,NA,NA,0
T244,3,5,2022-07-01,81,81,0.08157099697885196,39.6743929,24.13852097,4,KIM,5,42,40.5,2.7,NA,NA,NA,NA,,TRUE,82,4.406719247264253,39.6743929,498,5,99.6,25.92874852359828,0.26032880043773376,993,13,76.38461538461539,13,0.16265060240963855,0.012195121951219513,75.5687176839623,57.32754691905897,NA,16,81,5.0625,2.9769951293208394,72,2.6331223544175333,0.8939393939393939,0.13194293411730437,0,0,NA,NA,NA,0,NA,,NA,NA,NA,NA,0
T246,1,1,2022-02-03,0,0,0,39.97043,16.90591,4,RAS,1,40,40,NA,NA,NA,NA,NA,NA,TRUE,1,0,39.97043,253,5,50.6,54.5875443668242,1.0788052246407944,253,5,50.6,1,0,1,76.81605954555295,63.829605653235355,NA,0,0,0,NA,NA,NA,NA,NA,NA,NA,NA,NA,NA,NA,NA,NA,NA,NA,NA,NA,0
T246,1,2,2022-02-05,0,0,0,25.70699,16.69086,4,RAS,2,27,26,NA,NA,NA,NA,NA,NA,TRUE,1,0,25.70699,253,5,50.6,54.5875443668242,1.0788052246407944,253,5,50.6,2,0,1,33.64142217291327,28.026379496023363,NA,0,0,0,NA,NA,NA,NA,NA,NA,NA,NA,NA,NA,NA,NA,NA,NA,NA,NA,NA,0
T246,1,3,2022-02-07,129,114,0.5098814229249012,40.73118,10.74462,4,RAS,3,42,40.5,NA,NA,NA,NA,NA,NA,TRUE,130,4.867534450455582,40.73118,253,5,50.6,54.5875443668242,1.0788052246407944,253,5,50.6,3,0.5098814229249012,0.007692307692307693,80.10535869051577,71.49834229958287,NA,37,111,3,0.8498365855987975,106,0.8219949365267865,0.9617117117117117,0.15539996508734855,1,0.009009009009009009,NA,NA,NA,3,NA,,NA,NA,NA,NA,3
T246,1,4,2022-02-09,76,72,0.30039525691699603,45.64785,9.204301,4,RAS,4,44,45.5,NA,NA,NA,NA,NA,NA,TRUE,77,4.343805421853684,45.64785,253,5,50.6,54.5875443668242,1.0788052246407944,253,5,50.6,4,0.30039525691699603,0.012987012987012988,104.53280767432521,94.91129341222921,NA,23,69,3,1,66,1.0576280419404613,0.9782608695652174,0.2720310246069452,0,0,NA,NA,NA,3,NA,,NA,NA,NA,NA,3
T246,1,5,2022-02-11,48,45,0.18972332015810275,34.26882,13.70161,4,RAS,5,35,34.5,NA,NA,NA,NA,NA,NA,TRUE,49,3.8918202981106265,34.26882,253,5,50.6,54.5875443668242,1.0788052246407944,253,5,50.6,5,0.18972332015810275,0.02040816326530612,55.73238763883015,48.096153240869434,NA,14,44,3.142857142857143,0.8644378215075664,40,0.7703288865196433,0.9261904761904762,0.18018441238470786,0,0,NA,NA,NA,1,NA,,NA,NA,NA,NA,1
T247,1,1,2022-01-24,30,29,0.020174848688634835,45.32258,9.865591,2,RAS,1,44,45.5,NA,NA,NA,NA,NA,NA,TRUE,31,3.4339872044851463,45.32258,546,5,109.2,62.379483806777365,0.5712406942012579,1487,14,106.21428571428571,1,0.054945054945054944,0.03225806451612903,102.7343687306454,92.59901609524803,NA,6,23,3.8333333333333335,3.0605010483034745,23,3.600925806881706,0.9333333333333333,0.2160246899469287,1,0.043478260869565216,NA,NA,NA,6,NA,,NA,NA,NA,NA,6
T247,1,2,2022-01-26,62,62,0.04169468728984533,36,11.1371,2,RAS,2,35,36,NA,NA,NA,NA,NA,NA,TRUE,63,4.143134726391533,36,546,5,109.2,62.379483806777365,0.5712406942012579,1487,14,106.21428571428571,2,0.11355311355311355,0.015873015873015872,61.51204482417157,54.66138688005876,NA,15,40,2.6666666666666665,1.2344267996967353,39,1.3522468075656264,0.9833333333333333,0.3336308196338039,2,0.05,NA,NA,NA,22,NA,,NA,NA,NA,NA,22
T247,1,3,2022-01-28,118,119,0.07935440484196368,43.42204,10.53226,2,RAS,3,42,43.5,NA,NA,NA,NA,NA,NA,TRUE,119,4.77912349311153,43.42204,546,5,109.2,62.379483806777365,0.5712406942012579,1487,14,106.21428571428571,3,0.21611721611721613,0.008403361344537815,92.7616695036365,82.99176929117279,NA,28,77,2.75,1.2056963563450391,68,1.3173646934124716,0.8690476190476191,0.20340285624414786,2,0.025974025974025976,NA,NA,NA,42,NA,,NA,NA,NA,NA,42
T247,1,4,2022-01-30,162,159,0.1089441829186281,27.1828,10.63978,2,RAS,4,27,27,NA,NA,NA,NA,NA,NA,TRUE,163,5.093750200806762,27.1828,546,5,109.2,62.379483806777365,0.5712406942012579,1487,14,106.21428571428571,4,0.2967032967032967,0.006134969325153374,36.77522848844008,32.86242508277273,NA,48,129,2.6875,1.1514329647619204,123,1.1833283388167497,0.9548611111111112,0.207682197583388,10,0.07751937984496124,NA,NA,NA,30,NA,,NA,NA,NA,NA,30
T247,1,5,2022-02-01,174,174,0.11701412239408204,41.45699,9.422043,2,RAS,5,40,41.5,NA,NA,NA,NA,NA,NA,TRUE,175,5.1647859739235145,41.45699,546,5,109.2,62.379483806777365,0.5712406942012579,1487,14,106.21428571428571,5,0.31868131868131866,0.005714285714285714,83.35903690298957,75.50491260160402,NA,55,174,3.1636363636363636,5.445907863516648,NA,NA,NA,NA,NA,NA,NA,NA,NA,NA,NA,NA,NA,NA,NA,NA,0
T247,2,1,2022-04-11,70,63,0.04707464694014795,39.467213,15.61475,2,KIM,NA,40,41.5,NA,NA,NA,NA,NA,NA,TRUE,71,4.2626798770413155,39.467213,229,3,76.33333333333333,5.507570547286102,0.07215157922208867,1487,14,106.21428571428571,6,0.3056768558951965,0.014084507042253521,74.70646193556195,63.04123467047879,NA,13,54,4.153846153846154,2.9677756498246812,52,2.70801280154532,0.9837606837606837,0.07055358805427685,3,0.05555555555555555,NA,NA,NA,9,NA,Sang more at the beginning of the trial/before the trial,NA,NA,NA,NA,9
T247,2,2,2022-04-13,79,80,0.0531271015467384,38.75956,24.4153,2,KIM,NA,40,40.5,NA,NA,NA,NA,NA,NA,TRUE,80,4.382026634673881,38.75956,229,3,76.33333333333333,5.507570547286102,0.07215157922208867,1487,14,106.21428571428571,7,0.34497816593886466,0.0125,71.82655905256433,54.289889180203595,NA,20,62,3.1,1.8035053587243284,55,1.7733405882980469,0.8728571428571429,0.20223774971895234,2,0.03225806451612903,NA,NA,NA,18,NA,,NA,NA,NA,NA,18
T247,2,3,2022-04-15,80,85,0.05379959650302623,39.06011,20.83607,2,KIM,NA,40,41,NA,NA,NA,NA,NA,NA,TRUE,81,4.394449154672439,39.06011,229,3,76.33333333333333,5.507570547286102,0.07215157922208867,1487,14,106.21428571428571,8,0.34934497816593885,0.012345679012345678,73.03746665446769,57.81932897611615,NA,18,70,3.888888888888889,2.8674417556808756,61,2.61531437518432,0.8656746031746032,0.18406772495727866,1,0.014285714285714285,NA,NA,NA,15,NA,,NA,NA,NA,NA,15
T247,3,1,2022-06-06,185,185,0.12441156691324814,39.4045254,23.87969095,2,KIM,1,40,40.5,6.17,16.5,8.5,7.3,6.4,06/23/22,TRUE,186,5.225746673713202,39.4045254,712,6,118.66666666666667,40.32699674742302,0.33983424225356473,1487,14,106.21428571428571,9,0.2598314606741573,0.005376344086021506,74.44728510004259,56.66950349748702,NA,44,145,3.2954545454545454,2.2781014683747993,137,2.334930994358158,0.9558441558441558,0.5349215137058999,10,0.06896551724137931,NA,NA,NA,40,NA,,NA,NA,NA,NA,40
T247,3,2,2022-06-08,120,98,0.08069939475453934,40.9321192,25.97406181,2,KIM,2,42,42.5,4,NA,NA,NA,NA,,TRUE,121,4.795790545596741,40.9321192,712,6,118.66666666666667,40.32699674742302,0.33983424225356473,1487,14,106.21428571428571,10,0.16853932584269662,0.008264462809917356,80.99469688669114,59.95708425451985,NA,32,98,3.0625,2.1241696669978007,88,2.079081683138325,0.8810763888888888,0.2004617299318352,4,0.04081632653061224,NA,NA,NA,NA,FALSE,NA,NA,NA,NA,NA,0
T247,3,3,2022-06-10,117,86,0.07868190988567586,34.5518764,28.36203091,2,KIM,3,35,35.5,3.9,NA,NA,NA,NA,,TRUE,118,4.770684624465665,34.5518764,712,6,118.66666666666667,40.32699674742302,0.33983424225356473,1487,14,106.21428571428571,11,0.16432584269662923,0.00847457627118644,56.64312689075919,40.57798573361155,NA,16,74,4.625,2.84897642437888,66,2.526525941551627,0.8874729437229437,0.1700691995518147,1,0.013513513513513514,NA,NA,NA,12,NA,,NA,NA,NA,NA,12
T247,3,4,2022-06-12,58,57,0.03900470746469401,42.6594923,21.36699779,2,KIM,4,44,44,1.93,NA,NA,NA,NA,,TRUE,59,4.07753744390572,42.6594923,712,6,118.66666666666667,40.32699674742302,0.33983424225356473,1487,14,106.21428571428571,12,0.08146067415730338,0.01694915254237288,89.00721761299546,69.98904739268623,NA,13,49,3.769230769230769,3.0318818730794397,45,2.904461643041174,0.916083916083916,0.25910238209397396,1,0.02040816326530612,NA,NA,NA,8,NA,,NA,NA,NA,NA,8
T247,3,5,2022-06-14,112,111,0.07531943510423672,31.9045254,41.81898455,2,KIM,5,27,32,3.73,NA,NA,NA,NA,,TRUE,113,4.727387818712341,31.9045254,712,6,118.66666666666667,40.32699674742302,0.33983424225356473,1487,14,106.21428571428571,13,0.15730337078651685,0.008849557522123894,48.61806974942251,28.286486672403285,NA,30,100,3.3333333333333335,2.154919525392895,92,1.9286109586656033,0.9265343915343915,0.1544833406330196,0,0,NA,NA,NA,11,NA,,NA,NA,NA,NA,11
T247,3,6,2022-06-16,120,109,0.08069939475453934,30.9961369,36.87748344,2,KIM,6,27,31,4,NA,NA,NA,NA,,TRUE,121,4.795790545596741,30.9961369,712,6,118.66666666666667,40.32699674742302,0.33983424225356473,1487,14,106.21428571428571,14,0.16853932584269662,0.008264462809917356,46.106798809544784,29.103771713840793,NA,25,99,3.96,2.745906043549196,90,2.614064523559687,0.891012987012987,0.18484034370790528,3,0.030303030303030304,NA,NA,NA,10,NA,,NA,NA,NA,NA,10
T257,3,1,2022-07-11,176,175,0.15172413793103448,31.2292359,30.86378738,1,KIM,1,27,31.5,5.87,15,8.6,7.5,6.3,07/20/22,TRUE,177,5.176149732573829,31.2292359,1160,5,232,61.11464636239009,0.2634251998378883,1160,5,232,1,0.15172413793103448,0.005649717514124294,46.739972181306065,32.314246545796614,NA,47,99,2.106382978723404,0.3749807272259927,122,0.7119958007962732,1.2322695035460993,0.26576851136710916,15,0.15151515151515152,NA,NA,NA,76,NA,,NA,NA,NA,NA,76
T257,3,2,2022-07-13,169,162,0.1456896551724138,34.1230684,27.02041943,1,KIM,2,35,34,5.63,NA,NA,NA,NA,,TRUE,170,5.135798437050262,34.1230684,1160,5,232,61.11464636239009,0.2634251998378883,1160,5,232,2,0.1456896551724138,0.0058823529411764705,55.26851170801516,40.33472803179081,NA,41,86,2.097560975609756,0.30040622902833486,107,0.8330080666022329,1.2357723577235773,0.3161741998665397,11,0.12790697674418605,NA,NA,NA,76,NA,,NA,NA,NA,NA,76
T257,3,3,2022-07-15,317,320,0.27327586206896554,41.4839956,19.44039735,1,KIM,3,42,42,10.57,NA,NA,NA,NA,,TRUE,318,5.762051382780177,41.4839956,1160,5,232,61.11464636239009,0.2634251998378883,1160,5,232,3,0.27327586206896554,0.0031446540880503146,83.48231983041244,67.25302513838241,NA,84,190,2.261904761904762,0.4937939577882008,243,0.7917931022024333,1.2827380952380951,0.25050746926810913,25,0.13157894736842105,NA,NA,NA,130,NA,,NA,NA,NA,NA,130
T257,3,4,2022-07-17,245,247,0.21120689655172414,42.8068433,18.46357616,1,KIM,4,44,44,8.17,NA,NA,NA,NA,,TRUE,246,5.5053315359323625,42.8068433,1160,5,232,61.11464636239009,0.2634251998378883,1160,5,232,4,0.21120689655172414,0.0040650406504065045,89.72206448985816,73.15616278044888,NA,62,138,2.225806451612903,0.4215255214142982,188,0.9227141350027631,1.3655913978494623,0.3730916343848022,17,0.12318840579710146,NA,NA,NA,109,NA,,NA,NA,NA,NA,109
T257,3,5,2022-07-19,253,245,0.21810344827586206,38.8427152,25.66335541,1,KIM,5,40,39.5,8.43,NA,NA,NA,NA,,TRUE,254,5.537334267018537,38.8427152,1160,5,232,61.11464636239009,0.2634251998378883,1160,5,232,5,0.21810344827586206,0.003937007874015748,72.15979844163004,53.64117290441489,NA,73,160,2.191780821917808,0.396426196247848,204,0.5517372590682453,1.2899543378995433,0.24060654652709032,7,0.04375,NA,NA,NA,85,NA,,NA,NA,NA,NA,85
T258,3,1,2022-07-12,74,71,0.4327485380116959,33.7229581,31.09988962,6,KIM,1,35,34,2.47,15,8.5,7.6,6.5,07/20/22,TRUE,75,4.31748811353631,33.7229581,171,5,34.2,27.73445510551812,0.8109489796935122,171,5,34.2,1,0.4327485380116959,0.013333333333333334,54.012648667120956,37.21477455080794,NA,24,57,2.375,0.6468989572333266,71,1.3014763077790332,1.2777777777777777,0.6210219617474287,9,0.15789473684210525,NA,NA,NA,14,NA,,NA,NA,NA,NA,14
T258,3,2,2022-07-14,45,45,0.2631578947368421,39.1363135,25.17715232,6,KIM,2,40,39.5,1.5,NA,NA,NA,NA,,TRUE,46,3.828641396489095,39.1363135,171,5,34.2,27.73445510551812,0.8109489796935122,171,5,34.2,2,0.2631578947368421,0.021739130434782608,73.34734402299803,54.880571495653406,NA,14,35,2.5,1.0190493307301363,43,0.9972489631508746,1.2714285714285714,0.2607048771446997,3,0.08571428571428572,NA,NA,NA,10,NA,,NA,NA,NA,NA,10
T258,3,3,2022-07-16,20,20,0.11695906432748537,29.6451435,36.96743929,6,KIM,3,27,29.5,0.67,NA,NA,NA,NA,,TRUE,21,3.044522437723423,29.6451435,171,5,34.2,27.73445510551812,0.8109489796935122,171,5,34.2,3,0.11695906432748537,0.047619047619047616,42.58475057813825,26.842258761367066,NA,7,16,2.2857142857142856,0.4879500364742666,17,0.7867957924694432,1.0714285714285714,0.26972453123756235,4,0.25,NA,NA,NA,4,NA,,NA,NA,NA,NA,4
T258,3,4,2022-07-18,32,29,0.1871345029239766,40.6830752,23.80088496,6,KIM,4,42,41.5,1.07,NA,NA,NA,NA,,TRUE,33,3.4965075614664802,40.6830752,171,5,34.2,27.73445510551812,0.8109489796935122,171,5,34.2,4,0.1871345029239766,0.030303030303030304,79.89373651005371,60.87832019305031,NA,11,25,2.272727272727273,0.46709936649691375,32,0.8312094145936335,1.2727272727272727,0.2269694946796849,3,0.12,NA,NA,NA,4,NA,,NA,NA,NA,NA,4
T258,3,5,2022-07-22,0,1,0,44.833333,21.0378,6,KIM,5,44,45,0,NA,NA,NA,NA,,TRUE,1,0,44.833333,171,5,34.2,27.73445510551812,0.8109489796935122,171,5,34.2,5,0,1,100.08070010812555,79.02592258077833,NA,0,0,0,NA,NA,NA,NA,NA,NA,NA,NA,NA,NA,1,NA,,NA,NA,NA,NA,1
T259,3,1,2022-07-12,7,7,0.28,33.2836645,30.63300221,4,KIM,1,35,33.5,0.23,16,8.7,7.3,6.2,07/20/22,TRUE,8,2.0794415416798357,33.2836645,25,5,5,7.874007874011811,1.5748015748023623,25,5,5,1,0.28,0.125,52.66299798457587,36.530740648108484,NA,1,3,3,NA,3,NA,1,NA,1,0.3333333333333333,NA,NA,NA,4,NA,,NA,NA,NA,NA,4
T259,3,2,2022-07-14,0,0,0,38.0077263,25.25883002,4,KIM,2,40,38.5,0,NA,NA,NA,NA,,TRUE,1,0,38.0077263,25,5,5,7.874007874011811,1.5748015748023623,25,5,5,2,0,1,68.87489540859733,51.47790265088694,NA,0,0,0,NA,NA,NA,NA,NA,NA,NA,NA,NA,NA,NA,NA,NA,NA,NA,NA,NA,0
T259,3,3,2022-07-16,0,0,0,40.2378587,22.95584989,4,KIM,3,42,41,0,NA,NA,NA,NA,,TRUE,1,0,40.2378587,25,5,5,7.874007874011811,1.5748015748023623,25,5,5,3,0,1,77.95847891779415,60.06244752089803,NA,0,0,0,NA,NA,NA,NA,NA,NA,NA,NA,NA,NA,NA,NA,NA,NA,NA,NA,NA,0
T259,3,4,2022-07-18,0,0,0,41.6434879,22.05684327,4,KIM,4,44,42.5,0,NA,NA,NA,NA,,TRUE,1,0,41.6434879,25,5,5,7.874007874011811,1.5748015748023623,25,5,5,4,0,1,84.2137078540474,65.63882230082449,NA,0,0,0,NA,NA,NA,NA,NA,NA,NA,NA,NA,NA,NA,NA,NA,NA,NA,NA,NA,0
T259,3,5,2022-07-20,18,18,0.72,29.0198675,38.24172185,4,KIM,5,27,29,0.6,NA,NA,NA,NA,,TRUE,19,2.9444389791664403,29.0198675,25,5,5,7.874007874011811,1.5748015748023623,25,5,5,5,0.72,0.05263157894736842,41.03714039253607,25.343831308428427,NA,5,11,2.2,0.44721359549995793,13,0.5477225575051661,1.2,0.27386127875258304,1,0.09090909090909091,NA,NA,NA,7,NA,,NA,NA,NA,NA,7
T260,3,1,2022-07-11,43,42,0.09429824561403509,37.6434928,25.11067853,3,KIM,1,40,38.5,1.43,15.5,8.7,7.6,6.8,07/20/22,TRUE,44,3.784189633918261,37.6434928,456,5,91.2,61.12037303551083,0.670179528898145,456,5,91.2,1,0.09429824561403509,0.022727272727272728,67.48393404200132,50.53826030531714,NA,17,39,2.2941176470588234,0.5878675320972554,40,0.9314757424772421,1.0049019607843137,0.16263506202136366,2,0.05128205128205128,NA,NA,NA,3,NA,,NA,NA,NA,NA,3
T260,3,2,2022-07-13,74,73,0.16228070175438597,33.805187599999996,29.94426049,3,KIM,2,35,34,2.47,NA,NA,NA,NA,,TRUE,75,4.31748811353631,33.805187599999996,456,5,91.2,61.12037303551083,0.670179528898145,456,5,91.2,2,0.16228070175438597,0.013333333333333334,54.2686641571386,38.018313997481755,NA,24,60,2.5,0.7223151185146152,60,0.7801894976054939,1.0069444444444444,0.19336310781888674,1,0.016666666666666666,NA,NA,NA,13,NA,,NA,NA,NA,NA,13
T260,3,3,2022-07-15,65,66,0.1425438596491228,40.683223,22.82450331,3,KIM,3,42,42,2.17,NA,NA,NA,NA,,TRUE,66,4.189654742026425,40.683223,456,5,91.2,61.12037303551083,0.670179528898145,456,5,91.2,3,0.1425438596491228,0.015151515151515152,79.89438595267283,61.65888918640085,NA,22,54,2.4545454545454546,0.5096471914376255,55,0.7400128699009549,1.0151515151515151,0.16190900597102748,4,0.07407407407407407,NA,NA,NA,12,NA,,NA,NA,NA,NA,12
T260,3,4,2022-07-17,76,82,0.16666666666666666,31.3636865,33.07119205,3,KIM,4,27,31.5,2.53,NA,NA,NA,NA,,TRUE,77,4.343805421853684,31.3636865,456,5,91.2,61.12037303551083,0.670179528898145,456,5,91.2,4,0.16666666666666666,0.012987012987012988,47.10868328181586,31.529280161460292,NA,29,74,2.5517241379310347,0.7831350411077501,77,0.7688517444384896,1.067816091954023,0.259995842247081,1,0.013513513513513514,NA,NA,NA,8,NA,,NA,NA,NA,NA,8
T260,3,5,2022-07-19,198,181,0.4342105263157895,40.9828918,23.11203091,3,KIM,5,44,42.5,6.6,NA,NA,NA,NA,,TRUE,199,5.293304824724492,40.9828918,456,5,91.2,61.12037303551083,0.670179528898145,456,5,91.2,5,0.4342105263157895,0.005025125628140704,81.22078841772353,62.44901469327356,NA,61,143,2.3442622950819674,0.6023632874392701,131,0.7032321943182658,0.9166666666666666,0.19720265943665388,6,0.04195804195804196,NA,NA,NA,38,NA,,NA,NA,NA,NA,38
